selection_date,selection_rule,selection_rank,ticker,name,market,security_type,market_cap,avg_value_20d,history_days,suspended,eligible,selected,exclusion_reason
2024-12-31,KOSPI/KOSDAQ common stocks by market cap with quality filters,1,005930,삼성전자,KOSPI,COMMON,317592431660000.0,1045957741244.3,1477,False,True,True,
2024-12-31,KOSPI/KOSDAQ common stocks by market cap with quality filters,2,000660,SK하이닉스,KOSPI,COMMON,126599611273500.0,607008524106.3,1477,False,True,True,
2024-12-31,KOSPI/KOSDAQ common stocks by market cap with quality filters,3,207940,삼성바이오로직스,KOSPI,COMMON,67544126000000.0,65453424522.9,1477,False,True,True,
2024-12-31,KOSPI/KOSDAQ common stocks by market cap with quality filters,4,005380,현대차,KOSPI,COMMON,44396232492000.0,122445199251.25,1477,False,True,True,
2024-12-31,KOSPI/KOSDAQ common stocks by market cap with quality filters,5,068270,셀트리온,KOSPI,COMMON,40702228875000.0,174119927038.1,1477,False,True,True,
2024-12-31,KOSPI/KOSDAQ common stocks by market cap with quality filters,6,000270,기아,KOSPI,COMMON,40045634042400.0,110215806832.4,1477,False,True,True,
2024-12-31,KOSPI/KOSDAQ common stocks by market cap with quality filters,7,105560,KB금융,KOSPI,COMMON,32623506266700.0,179317359713.1,1477,False,True,True,
2024-12-31,KOSPI/KOSDAQ common stocks by market cap with quality filters,8,035420,NAVER,KOSPI,COMMON,31513120891200.0,221059776978.25,1477,False,True,True,
2024-12-31,KOSPI/KOSDAQ common stocks by market cap with quality filters,9,055550,신한지주,KOSPI,COMMON,23989169736250.0,80928720059.4,1477,False,True,True,
2024-12-31,KOSPI/KOSDAQ common stocks by market cap with quality filters,10,012330,현대모비스,KOSPI,COMMON,21993339731000.0,47040077061.5,1477,False,True,True,
2024-12-31,KOSPI/KOSDAQ common stocks by market cap with quality filters,11,005490,POSCO홀딩스,KOSPI,COMMON,20945279569500.0,109309057975.0,1477,False,True,True,
2024-12-31,KOSPI/KOSDAQ common stocks by market cap with quality filters,12,010130,고려아연,KOSPI,COMMON,20827502698000.0,143941782000.0,1477,False,True,True,
2024-12-31,KOSPI/KOSDAQ common stocks by market cap with quality filters,13,028260,삼성물산,KOSPI,COMMON,20409615483600.0,28699283818.75,1477,False,True,True,
2024-12-31,KOSPI/KOSDAQ common stocks by market cap with quality filters,14,032830,삼성생명,KOSPI,COMMON,18960000000000.0,28049043424.25,1477,False,True,True,
2024-12-31,KOSPI/KOSDAQ common stocks by market cap with quality filters,15,051910,LG화학,KOSPI,COMMON,17648085750000.0,75915525254.6,1477,False,True,True,
2024-12-31,KOSPI/KOSDAQ common stocks by market cap with quality filters,16,006400,삼성SDI,KOSPI,COMMON,17019221175000.0,86146989600.0,1477,False,True,True,
2024-12-31,KOSPI/KOSDAQ common stocks by market cap with quality filters,17,000810,삼성화재,KOSPI,COMMON,16983879064500.0,49327619948.4,1477,False,True,True,
2024-12-31,KOSPI/KOSDAQ common stocks by market cap with quality filters,18,035720,카카오,KOSPI,COMMON,16944124974200.0,155668286607.5,1477,False,True,True,
2024-12-31,KOSPI/KOSDAQ common stocks by market cap with quality filters,19,096770,SK이노베이션,KOSPI,COMMON,16915894912000.0,26927634920.0,1477,False,True,True,
2024-12-31,KOSPI/KOSDAQ common stocks by market cap with quality filters,20,086790,하나금융지주,KOSPI,COMMON,16315281984000.0,84962843082.7,1477,False,True,True,
2024-12-31,KOSPI/KOSDAQ common stocks by market cap with quality filters,21,009540,HD한국조선해양,KOSPI,COMMON,16136270448000.0,64099435897.25,1477,False,True,True,
2024-12-31,KOSPI/KOSDAQ common stocks by market cap with quality filters,22,011200,HMM,KOSPI,COMMON,15559157499360.0,19518181688.0,1477,False,True,True,
2024-12-31,KOSPI/KOSDAQ common stocks by market cap with quality filters,23,012450,한화에어로스페이스,KOSPI,COMMON,14882249066500.0,128252865825.0,1477,False,True,True,
2024-12-31,KOSPI/KOSDAQ common stocks by market cap with quality filters,24,267260,HD현대일렉트릭,KOSPI,COMMON,13770005570000.0,96244804117.4,1477,False,True,True,
2024-12-31,KOSPI/KOSDAQ common stocks by market cap with quality filters,25,066570,LG전자,KOSPI,COMMON,13664592469000.0,37190992358.5,1477,False,True,True,
2024-12-31,KOSPI/KOSDAQ common stocks by market cap with quality filters,26,033780,KT&G,KOSPI,COMMON,13426323428700.0,26410512825.0,1477,False,True,True,
2024-12-31,KOSPI/KOSDAQ common stocks by market cap with quality filters,27,015760,한국전력,KOSPI,COMMON,12871379743850.0,41022302712.5,1477,False,True,True,
2024-12-31,KOSPI/KOSDAQ common stocks by market cap with quality filters,28,017670,SK텔레콤,KOSPI,COMMON,11856410925600.0,34916041102.2,1477,False,True,True,
2024-12-31,KOSPI/KOSDAQ common stocks by market cap with quality filters,29,042660,한화오션,KOSPI,COMMON,11444540265900.0,136366507870.0,1477,False,True,True,
2024-12-31,KOSPI/KOSDAQ common stocks by market cap with quality filters,30,024110,기업은행,KOSPI,COMMON,11427112702770.0,17245407790.5,1477,False,True,True,
2024-12-31,KOSPI/KOSDAQ common stocks by market cap with quality filters,31,316140,우리금융지주,KOSPI,COMMON,11413631370370.0,42712394322.0,1450,False,True,True,
2024-12-31,KOSPI/KOSDAQ common stocks by market cap with quality filters,32,003550,LG,KOSPI,COMMON,11325671496000.0,13033447225.25,1477,False,True,True,
2024-12-31,KOSPI/KOSDAQ common stocks by market cap with quality filters,33,034020,두산에너빌리티,KOSPI,COMMON,11241848112300.0,130123802779.0,1477,False,True,True,
2024-12-31,KOSPI/KOSDAQ common stocks by market cap with quality filters,34,030200,KT,KOSPI,COMMON,11051150887250.0,37378290757.75,1477,False,True,True,
2024-12-31,KOSPI/KOSDAQ common stocks by market cap with quality filters,35,003670,포스코퓨처엠,KOSPI,COMMON,11007523562000.0,53217782325.0,1477,False,True,True,
2024-12-31,KOSPI/KOSDAQ common stocks by market cap with quality filters,36,010140,삼성중공업,KOSPI,COMMON,9944000000000.0,59895992104.5,1477,False,True,True,
2024-12-31,KOSPI/KOSDAQ common stocks by market cap with quality filters,37,018260,삼성에스디에스,KOSPI,COMMON,9888882840000.0,23978059865.0,1477,False,True,True,
2024-12-31,KOSPI/KOSDAQ common stocks by market cap with quality filters,38,028300,HLB,KOSDAQ,COMMON,9604421352300.0,58853968210.0,1477,False,True,True,
2024-12-31,KOSPI/KOSDAQ common stocks by market cap with quality filters,39,000100,유한양행,KOSPI,COMMON,9584983148000.0,140884945490.0,1477,False,True,True,
2024-12-31,KOSPI/KOSDAQ common stocks by market cap with quality filters,40,034730,SK,KOSPI,COMMON,9534105444500.0,15529538915.0,1477,False,True,True,
2024-12-31,KOSPI/KOSDAQ common stocks by market cap with quality filters,41,009150,삼성전기,KOSPI,COMMON,9247079564800.0,52199642140.2,1477,False,True,True,
2024-12-31,KOSPI/KOSDAQ common stocks by market cap with quality filters,42,086280,현대글로비스,KOSPI,COMMON,8857500000000.0,14917262108.8,1477,False,True,True,
2024-12-31,KOSPI/KOSDAQ common stocks by market cap with quality filters,43,003490,대한항공,KOSPI,COMMON,8321786938600.0,29036475500.0,1477,False,True,True,
2024-12-31,KOSPI/KOSDAQ common stocks by market cap with quality filters,44,042700,한미반도체,KOSPI,COMMON,7970676367500.0,61633574200.0,1477,False,True,True,
2024-12-31,KOSPI/KOSDAQ common stocks by market cap with quality filters,45,086520,에코프로,KOSDAQ,COMMON,7655454550000.0,64638063720.0,1477,False,True,True,
2024-12-31,KOSPI/KOSDAQ common stocks by market cap with quality filters,46,005830,DB손해보험,KOSPI,COMMON,7278240000000.0,13967950739.65,1477,False,True,True,
2024-12-31,KOSPI/KOSDAQ common stocks by market cap with quality filters,47,047050,포스코인터내셔널,KOSPI,COMMON,6975338544200.0,25522293082.5,1477,False,True,True,
2024-12-31,KOSPI/KOSDAQ common stocks by market cap with quality filters,48,267250,HD현대,KOSPI,COMMON,6256252332000.0,12082545530.0,1477,False,True,True,
2024-12-31,KOSPI/KOSDAQ common stocks by market cap with quality filters,49,010950,S-Oil,KOSPI,COMMON,6169537001600.0,7586505445.0,1477,False,True,True,
2024-12-31,KOSPI/KOSDAQ common stocks by market cap with quality filters,50,090430,아모레퍼시픽,KOSPI,COMMON,6130041143200.0,27873147645.95,1477,False,True,True,
