signal_date,ticker,name,condition_id,matched_conditions,foreign_net_buy_streak,foreign_qty,foreign_net_buy_2d_qty,foreign_net_buy_3d_qty,foreign_volume_ratio_pct,event_close,next_trading_day,next_open,next_open_return_pct,next_close,next_close_return_pct,d_plus_5_close,d_plus_5_return_pct,d_plus_10_close,d_plus_10_return_pct,d_plus_20_close,d_plus_20_return_pct,result_label,review_note
2026-05-04,009150,삼성전기,foreign_buy_streak_2,"foreign_buy_streak_2,foreign_buy_2d_all,foreign_buy_vol_0_5pct,foreign_buy_vol_1pct,foreign_buy_vol_2pct",2,98847,115166,42049,11.41,918000,2026-05-06,971000,5.77,912000,-0.65,958000,4.36,,,,,상승,"D+1(2026-05-06) 시가 +5.77%, 종가 -0.65%; D+5 +4.36%"
2026-05-04,062040,산일전기,foreign_buy_streak_2,"foreign_buy_streak_2,foreign_buy_2d_all",2,8055,23769,-96259,0.38,333500,2026-05-06,329000,-1.35,319500,-4.20,312000,-6.45,,,,,하락 전환,"D+1(2026-05-06) 시가 -1.35%, 종가 -4.20%; D+5 -6.45%"
2026-05-04,006910,보성파워텍,foreign_buy_streak_2,"foreign_buy_streak_2,foreign_buy_2d_all,foreign_buy_vol_0_5pct,foreign_buy_vol_1pct,foreign_buy_vol_2pct",2,1293305,1510379,1122602,2.86,14350,2026-05-06,14590,1.67,15830,10.31,13010,-9.34,,,,,하락 전환,"D+1(2026-05-06) 시가 +1.67%, 종가 +10.31%; D+5 -9.34%"
2026-05-04,016360,삼성증권,foreign_buy_streak_3,"foreign_buy_streak_2,foreign_buy_streak_3,foreign_buy_2d_all,foreign_buy_3d_all,foreign_buy_vol_0_5pct,foreign_buy_vol_1pct,foreign_buy_vol_2pct",3,91847,124930,187952,2.19,137900,2026-05-06,161100,16.82,149500,8.41,128000,-7.18,,,,,하락 전환,"D+1(2026-05-06) 시가 +16.82%, 종가 +8.41%; D+5 -7.18%"
2026-05-04,050890,쏠리드,foreign_buy_streak_3,"foreign_buy_streak_2,foreign_buy_streak_3,foreign_buy_2d_all,foreign_buy_3d_all,foreign_buy_vol_0_5pct,foreign_buy_vol_1pct,foreign_buy_vol_2pct",3,1728544,2776072,2891642,7.79,18640,2026-05-06,19020,2.04,18440,-1.07,17400,-6.65,,,,,하락 전환,"D+1(2026-05-06) 시가 +2.04%, 종가 -1.07%; D+5 -6.65%"
2026-05-04,079550,LIG디펜스앤에어로스페이스,foreign_buy_streak_3,"foreign_buy_streak_2,foreign_buy_streak_3,foreign_buy_2d_all,foreign_buy_3d_all,foreign_buy_vol_0_5pct,foreign_buy_vol_1pct,foreign_buy_vol_2pct",3,15323,21395,74523,5.19,983000,2026-05-06,966000,-1.73,979000,-0.41,879000,-10.58,,,,,하락 전환,"D+1(2026-05-06) 시가 -1.73%, 종가 -0.41%; D+5 -10.58%"
2026-05-04,432720,퀄리타스반도체,foreign_buy_streak_3,"foreign_buy_streak_2,foreign_buy_streak_3,foreign_buy_2d_all,foreign_buy_3d_all,foreign_buy_vol_0_5pct,foreign_buy_vol_1pct",3,133978,218409,221164,1.90,29500,2026-05-06,31250,5.93,28000,-5.08,22850,-22.54,,,,,하락 전환,"D+1(2026-05-06) 시가 +5.93%, 종가 -5.08%; D+5 -22.54%"
2026-05-04,067310,하나마이크론,foreign_buy_streak_4,"foreign_buy_streak_2,foreign_buy_streak_3,foreign_buy_2d_all,foreign_buy_3d_all,foreign_buy_vol_0_5pct,foreign_buy_vol_1pct,foreign_buy_vol_2pct",4,552536,709914,776080,15.49,42050,2026-05-06,44400,5.59,43500,3.45,41400,-1.55,,,,,보합,"D+1(2026-05-06) 시가 +5.59%, 종가 +3.45%; D+5 -1.55%"
2026-05-04,247540,에코프로비엠,foreign_buy_streak_2,"foreign_buy_streak_2,foreign_buy_2d_all,foreign_buy_vol_0_5pct,foreign_buy_vol_1pct,foreign_buy_vol_2pct",2,213790,226234,223312,35.81,215500,2026-05-06,218000,1.16,228500,6.03,205500,-4.64,,,,,보합,"D+1(2026-05-06) 시가 +1.16%, 종가 +6.03%; D+5 -4.64%"
2026-05-04,254490,미래반도체,foreign_buy_streak_3,"foreign_buy_streak_2,foreign_buy_streak_3,foreign_buy_2d_all,foreign_buy_3d_all,foreign_buy_vol_0_5pct,foreign_buy_vol_1pct",3,41313,276151,305425,1.04,29250,2026-05-06,31450,7.52,29600,1.20,35600,21.71,,,,,상승 지속,"D+1(2026-05-06) 시가 +7.52%, 종가 +1.20%; D+5 +21.71%"
2026-05-04,403870,HPSP,foreign_buy_streak_2,"foreign_buy_streak_2,foreign_buy_2d_all,foreign_buy_vol_0_5pct,foreign_buy_vol_1pct,foreign_buy_vol_2pct",2,111216,339675,186650,5.65,54400,2026-05-06,56200,3.31,56600,4.04,51300,-5.70,,,,,하락 전환,"D+1(2026-05-06) 시가 +3.31%, 종가 +4.04%; D+5 -5.70%"
2026-04-30,001440,대한전선,foreign_buy_streak_3,"foreign_buy_streak_2,foreign_buy_streak_3,foreign_buy_2d_all,foreign_buy_3d_all,foreign_buy_vol_0_5pct,foreign_buy_vol_1pct",3,577887,975577,1718500,1.71,56300,2026-05-04,59700,6.04,60700,7.82,70500,25.22,,,,,상승 지속,"D+1(2026-05-04) 시가 +6.04%, 종가 +7.82%; D+5 +25.22%"
2026-04-30,016360,삼성증권,foreign_buy_streak_2,"foreign_buy_streak_2,foreign_buy_2d_all,foreign_buy_vol_0_5pct,foreign_buy_vol_1pct,foreign_buy_vol_2pct",2,33083,96105,73638,9.57,107500,2026-05-04,110400,2.70,137900,28.28,135200,25.77,,,,,상승 지속,"D+1(2026-05-04) 시가 +2.70%, 종가 +28.28%; D+5 +25.77%"
2026-04-30,050890,쏠리드,foreign_buy_streak_2,"foreign_buy_streak_2,foreign_buy_2d_all,foreign_buy_vol_0_5pct,foreign_buy_vol_1pct,foreign_buy_vol_2pct",2,1047528,1163098,872424,4.93,17110,2026-05-04,17550,2.57,18640,8.94,18150,6.08,,,,,상승 지속,"D+1(2026-05-04) 시가 +2.57%, 종가 +8.94%; D+5 +6.08%"
2026-04-30,199820,제일일렉트릭,foreign_buy_streak_2,"foreign_buy_streak_2,foreign_buy_2d_all",2,23284,70878,17342,0.11,17260,2026-05-04,18730,8.52,20700,19.93,16800,-2.67,,,,,보합,"D+1(2026-05-04) 시가 +8.52%, 종가 +19.93%; D+5 -2.67%"
2026-04-30,079550,LIG디펜스앤에어로스페이스,foreign_buy_streak_2,"foreign_buy_streak_2,foreign_buy_2d_all,foreign_buy_vol_0_5pct,foreign_buy_vol_1pct,foreign_buy_vol_2pct",2,6072,59200,24775,2.49,941000,2026-05-04,949000,0.85,983000,4.46,875000,-7.01,,,,,하락 전환,"D+1(2026-05-04) 시가 +0.85%, 종가 +4.46%; D+5 -7.01%"
2026-04-30,064350,현대로템,foreign_buy_streak_3,"foreign_buy_streak_2,foreign_buy_streak_3,foreign_buy_2d_all,foreign_buy_3d_all,foreign_buy_vol_0_5pct,foreign_buy_vol_1pct,foreign_buy_vol_2pct",3,287828,557307,829778,19.45,268500,2026-05-04,270000,0.56,269000,0.19,219500,-18.25,,,,,하락 전환,"D+1(2026-05-04) 시가 +0.56%, 종가 +0.19%; D+5 -18.25%"
2026-04-30,432720,퀄리타스반도체,foreign_buy_streak_2,"foreign_buy_streak_2,foreign_buy_2d_all,foreign_buy_vol_0_5pct",2,84431,87186,36852,0.91,25050,2026-05-04,26050,3.99,29500,17.76,23950,-4.39,,,,,보합,"D+1(2026-05-04) 시가 +3.99%, 종가 +17.76%; D+5 -4.39%"
2026-04-30,058470,리노공업,foreign_buy_streak_3,"foreign_buy_streak_2,foreign_buy_streak_3,foreign_buy_2d_all,foreign_buy_3d_all,foreign_buy_vol_0_5pct,foreign_buy_vol_1pct,foreign_buy_vol_2pct",3,496801,610061,800327,18.91,119300,2026-05-04,122500,2.68,120800,1.26,115800,-2.93,,,,,보합,"D+1(2026-05-04) 시가 +2.68%, 종가 +1.26%; D+5 -2.93%"
2026-04-30,067310,하나마이크론,foreign_buy_streak_3,"foreign_buy_streak_2,foreign_buy_streak_3,foreign_buy_2d_all,foreign_buy_3d_all,foreign_buy_vol_0_5pct,foreign_buy_vol_1pct,foreign_buy_vol_2pct",3,157378,223544,406064,12.38,39700,2026-05-04,40400,1.76,42050,5.92,43150,8.69,,,,,상승 지속,"D+1(2026-05-04) 시가 +1.76%, 종가 +5.92%; D+5 +8.69%"
2026-04-30,178320,서진시스템,foreign_buy_streak_2,"foreign_buy_streak_2,foreign_buy_2d_all,foreign_buy_vol_0_5pct,foreign_buy_vol_1pct,foreign_buy_vol_2pct",2,117175,1002567,701751,3.22,59500,2026-05-04,60600,1.85,61300,3.03,67500,13.45,,,,,상승 지속,"D+1(2026-05-04) 시가 +1.85%, 종가 +3.03%; D+5 +13.45%"
2026-04-30,254490,미래반도체,foreign_buy_streak_2,"foreign_buy_streak_2,foreign_buy_2d_all,foreign_buy_vol_0_5pct,foreign_buy_vol_1pct,foreign_buy_vol_2pct",2,234838,264112,247773,9.30,23350,2026-05-04,23850,2.14,29250,25.27,40100,71.73,,,,,상승 지속,"D+1(2026-05-04) 시가 +2.14%, 종가 +25.27%; D+5 +71.73%"
2026-04-30,046890,서울반도체,foreign_buy_streak_2,"foreign_buy_streak_2,foreign_buy_2d_all,foreign_buy_vol_0_5pct",2,98941,147095,-326582,0.69,16510,2026-05-04,18680,13.14,17930,8.60,17060,3.33,,,,,상승,"D+1(2026-05-04) 시가 +13.14%, 종가 +8.60%; D+5 +3.33%"
2026-05-06,005930,삼성전자,foreign_buy_streak_2,"foreign_buy_streak_2,foreign_buy_2d_all,foreign_buy_vol_0_5pct,foreign_buy_vol_1pct,foreign_buy_vol_2pct",2,11842188,17057167,16216223,22.30,266000,2026-05-07,272000,2.26,271500,2.07,284000,6.77,,,,,상승 지속,"D+1(2026-05-07) 시가 +2.26%, 종가 +2.07%; D+5 +6.77%"
2026-05-06,000660,SK하이닉스,foreign_buy_streak_2,"foreign_buy_streak_2,foreign_buy_2d_all,foreign_buy_vol_0_5pct,foreign_buy_vol_1pct",2,117563,1346687,1326856,1.77,1601000,2026-05-07,1622000,1.31,1654000,3.31,1976000,23.42,,,,,상승 지속,"D+1(2026-05-07) 시가 +1.31%, 종가 +3.31%; D+5 +23.42%"
2026-05-06,006800,미래에셋증권,foreign_buy_streak_2,"foreign_buy_streak_2,foreign_buy_2d_all,foreign_buy_vol_0_5pct,foreign_buy_vol_1pct,foreign_buy_vol_2pct",2,1034032,2620939,2133289,5.00,83800,2026-05-07,82800,-1.19,79000,-5.73,72900,-13.01,,,,,하락 전환,"D+1(2026-05-07) 시가 -1.19%, 종가 -5.73%; D+5 -13.01%"
2026-05-06,005380,현대차,foreign_buy_streak_2,"foreign_buy_streak_2,foreign_buy_2d_all,foreign_buy_vol_0_5pct,foreign_buy_vol_1pct,foreign_buy_vol_2pct",2,280869,305459,-107487,16.61,550000,2026-05-07,579000,5.27,572000,4.00,710000,29.09,,,,,상승 지속,"D+1(2026-05-07) 시가 +5.27%, 종가 +4.00%; D+5 +29.09%"
2026-05-06,018880,한온시스템,foreign_buy_streak_2,"foreign_buy_streak_2,foreign_buy_2d_all,foreign_buy_vol_0_5pct,foreign_buy_vol_1pct,foreign_buy_vol_2pct",2,2892350,12505371,11474772,2.11,5410,2026-05-07,5450,0.74,4900,-9.43,5040,-6.84,,,,,하락 전환,"D+1(2026-05-07) 시가 +0.74%, 종가 -9.43%; D+5 -6.84%"
2026-05-06,028260,삼성물산,foreign_buy_streak_2,"foreign_buy_streak_2,foreign_buy_2d_all,foreign_buy_vol_0_5pct,foreign_buy_vol_1pct,foreign_buy_vol_2pct",2,97583,273670,245925,5.59,375500,2026-05-07,392000,4.39,405000,7.86,428500,14.11,,,,,상승 지속,"D+1(2026-05-07) 시가 +4.39%, 종가 +7.86%; D+5 +14.11%"
2026-05-06,006910,보성파워텍,foreign_buy_streak_3,"foreign_buy_streak_2,foreign_buy_streak_3,foreign_buy_2d_all,foreign_buy_3d_all,foreign_buy_vol_0_5pct,foreign_buy_vol_1pct,foreign_buy_vol_2pct",3,1082891,2376196,2593270,2.75,15830,2026-05-07,16160,2.08,15600,-1.45,12460,-21.29,,,,,하락 전환,"D+1(2026-05-07) 시가 +2.08%, 종가 -1.45%; D+5 -21.29%"
2026-05-06,066570,LG전자,foreign_buy_streak_3,"foreign_buy_streak_2,foreign_buy_streak_3,foreign_buy_2d_all,foreign_buy_3d_all,foreign_buy_vol_0_5pct,foreign_buy_vol_1pct,foreign_buy_vol_2pct",3,968067,1008643,1198510,24.35,154900,2026-05-07,155000,0.06,148700,-4.00,191400,23.56,,,,,상승 지속,"D+1(2026-05-07) 시가 +0.06%, 종가 -4.00%; D+5 +23.56%"
2026-05-06,011790,SKC,foreign_buy_streak_7,"foreign_buy_streak_2,foreign_buy_streak_3,foreign_buy_2d_all,foreign_buy_3d_all,foreign_buy_vol_0_5pct,foreign_buy_vol_1pct,foreign_buy_vol_2pct",7,299831,421042,425372,12.08,161200,2026-05-07,184000,14.14,174100,8.00,144100,-10.61,,,,,하락 전환,"D+1(2026-05-07) 시가 +14.14%, 종가 +8.00%; D+5 -10.61%"
2026-05-06,003530,한화투자증권,foreign_buy_streak_4,"foreign_buy_streak_2,foreign_buy_streak_3,foreign_buy_2d_all,foreign_buy_3d_all,foreign_buy_vol_0_5pct,foreign_buy_vol_1pct,foreign_buy_vol_2pct",4,936624,2155121,2243999,2.46,9370,2026-05-07,9260,-1.17,8490,-9.39,7280,-22.31,,,,,하락 전환,"D+1(2026-05-07) 시가 -1.17%, 종가 -9.39%; D+5 -22.31%"
2026-05-06,086520,에코프로,foreign_buy_streak_2,"foreign_buy_streak_2,foreign_buy_2d_all,foreign_buy_vol_0_5pct,foreign_buy_vol_1pct,foreign_buy_vol_2pct",2,342294,404075,116733,17.58,162800,2026-05-07,161700,-0.68,159700,-1.90,135000,-17.08,,,,,하락 전환,"D+1(2026-05-07) 시가 -0.68%, 종가 -1.90%; D+5 -17.08%"
2026-05-06,003670,포스코퓨처엠,foreign_buy_streak_2,"foreign_buy_streak_2,foreign_buy_2d_all,foreign_buy_vol_0_5pct,foreign_buy_vol_1pct,foreign_buy_vol_2pct",2,267195,359069,271224,25.33,288500,2026-05-07,288000,-0.17,296000,2.60,251500,-12.82,,,,,하락 전환,"D+1(2026-05-07) 시가 -0.17%, 종가 +2.60%; D+5 -12.82%"
2026-05-06,034730,SK,foreign_buy_streak_13,"foreign_buy_streak_2,foreign_buy_streak_3,foreign_buy_2d_all,foreign_buy_3d_all,foreign_buy_vol_0_5pct,foreign_buy_vol_1pct,foreign_buy_vol_2pct",13,86239,142870,144840,15.34,520000,2026-05-07,535000,2.88,543000,4.42,550000,5.77,,,,,상승 지속,"D+1(2026-05-07) 시가 +2.88%, 종가 +4.42%; D+5 +5.77%"
2026-05-06,161580,필옵틱스,foreign_buy_streak_2,"foreign_buy_streak_2,foreign_buy_2d_all,foreign_buy_vol_0_5pct,foreign_buy_vol_1pct,foreign_buy_vol_2pct",2,451548,456670,443743,9.07,63000,2026-05-07,61800,-1.90,58200,-7.62,53600,-14.92,,,,,하락 전환,"D+1(2026-05-07) 시가 -1.90%, 종가 -7.62%; D+5 -14.92%"
2026-05-06,079550,LIG디펜스앤에어로스페이스,foreign_buy_streak_4,"foreign_buy_streak_2,foreign_buy_streak_3,foreign_buy_2d_all,foreign_buy_3d_all,foreign_buy_vol_0_5pct,foreign_buy_vol_1pct,foreign_buy_vol_2pct",4,28986,44309,50381,9.61,979000,2026-05-07,960000,-1.94,866000,-11.54,873000,-10.83,,,,,하락 전환,"D+1(2026-05-07) 시가 -1.94%, 종가 -11.54%; D+5 -10.83%"
2026-05-06,373220,LG에너지솔루션,foreign_buy_streak_2,"foreign_buy_streak_2,foreign_buy_2d_all,foreign_buy_vol_0_5pct,foreign_buy_vol_1pct,foreign_buy_vol_2pct",2,52562,67990,22618,8.91,482000,2026-05-07,482000,0.00,483000,0.21,430000,-10.79,,,,,하락 전환,"D+1(2026-05-07) 시가 +0.00%, 종가 +0.21%; D+5 -10.79%"
2026-05-06,064260,다날,foreign_buy_streak_3,"foreign_buy_streak_2,foreign_buy_streak_3,foreign_buy_2d_all,foreign_buy_3d_all,foreign_buy_vol_0_5pct",3,227086,444618,605172,0.83,8000,2026-05-07,7920,-1.00,7500,-6.25,7010,-12.38,,,,,하락 전환,"D+1(2026-05-07) 시가 -1.00%, 종가 -6.25%; D+5 -12.38%"
2026-05-06,403870,HPSP,foreign_buy_streak_3,"foreign_buy_streak_2,foreign_buy_streak_3,foreign_buy_2d_all,foreign_buy_3d_all,foreign_buy_vol_0_5pct,foreign_buy_vol_1pct",3,44709,155925,384384,1.13,56600,2026-05-07,57000,0.71,54700,-3.36,55300,-2.30,,,,,보합,"D+1(2026-05-07) 시가 +0.71%, 종가 -3.36%; D+5 -2.30%"
2026-05-06,247540,에코프로비엠,foreign_buy_streak_3,"foreign_buy_streak_2,foreign_buy_streak_3,foreign_buy_2d_all,foreign_buy_3d_all,foreign_buy_vol_0_5pct,foreign_buy_vol_1pct,foreign_buy_vol_2pct",3,99084,312874,325318,10.17,228500,2026-05-07,229500,0.44,235500,3.06,197100,-13.74,,,,,하락 전환,"D+1(2026-05-07) 시가 +0.44%, 종가 +3.06%; D+5 -13.74%"
2026-05-06,452190,한빛레이저,foreign_buy_streak_2,"foreign_buy_streak_2,foreign_buy_2d_all,foreign_buy_vol_0_5pct,foreign_buy_vol_1pct,foreign_buy_vol_2pct",2,474566,525110,505181,2.19,10010,2026-05-07,10230,2.20,9250,-7.59,8120,-18.88,,,,,하락 전환,"D+1(2026-05-07) 시가 +2.20%, 종가 -7.59%; D+5 -18.88%"
2026-05-06,277810,레인보우로보틱스,foreign_buy_streak_2,"foreign_buy_streak_2,foreign_buy_2d_all,foreign_buy_vol_0_5pct,foreign_buy_vol_1pct,foreign_buy_vol_2pct",2,17594,38372,-37790,6.56,702000,2026-05-07,708000,0.85,697000,-0.71,878000,25.07,,,,,상승 지속,"D+1(2026-05-07) 시가 +0.85%, 종가 -0.71%; D+5 +25.07%"
2026-05-06,267320,나인테크,foreign_buy_streak_2,"foreign_buy_streak_2,foreign_buy_2d_all,foreign_buy_vol_0_5pct,foreign_buy_vol_1pct",2,428239,556392,472763,1.19,3940,2026-05-07,3935,-0.13,3665,-6.98,3305,-16.12,,,,,하락 전환,"D+1(2026-05-07) 시가 -0.13%, 종가 -6.98%; D+5 -16.12%"
2026-05-06,100590,머큐리,foreign_buy_streak_2,"foreign_buy_streak_2,foreign_buy_2d_all,foreign_buy_vol_0_5pct",2,136885,147791,-66943,0.91,8880,2026-05-07,9110,2.59,9900,11.49,9280,4.50,,,,,상승,"D+1(2026-05-07) 시가 +2.59%, 종가 +11.49%; D+5 +4.50%"
2026-05-07,034020,두산에너빌리티,foreign_buy_streak_2,"foreign_buy_streak_2,foreign_buy_2d_all,foreign_buy_vol_0_5pct,foreign_buy_vol_1pct,foreign_buy_vol_2pct",2,1004761,1259081,1087130,12.87,136400,2026-05-08,134500,-1.39,129600,-4.99,117100,-14.15,,,,,하락 전환,"D+1(2026-05-08) 시가 -1.39%, 종가 -4.99%; D+5 -14.15%"
2026-05-07,011790,SKC,foreign_buy_streak_8,"foreign_buy_streak_2,foreign_buy_streak_3,foreign_buy_2d_all,foreign_buy_3d_all,foreign_buy_vol_0_5pct,foreign_buy_vol_1pct,foreign_buy_vol_2pct",8,303182,603013,724224,11.00,174100,2026-05-08,163700,-5.97,159900,-8.16,146200,-16.03,,,,,하락 전환,"D+1(2026-05-08) 시가 -5.97%, 종가 -8.16%; D+5 -16.03%"
2026-05-07,006400,삼성SDI,foreign_buy_streak_2,"foreign_buy_streak_2,foreign_buy_2d_all,foreign_buy_vol_0_5pct",2,5428,60718,-43630,0.90,694000,2026-05-08,683000,-1.59,678000,-2.31,636000,-8.36,,,,,하락 전환,"D+1(2026-05-08) 시가 -1.59%, 종가 -2.31%; D+5 -8.36%"
2026-05-07,086520,에코프로,foreign_buy_streak_3,"foreign_buy_streak_2,foreign_buy_streak_3,foreign_buy_2d_all,foreign_buy_3d_all,foreign_buy_vol_0_5pct,foreign_buy_vol_1pct,foreign_buy_vol_2pct",3,101731,444025,505806,5.63,159700,2026-05-08,158200,-0.94,155000,-2.94,142300,-10.90,,,,,하락 전환,"D+1(2026-05-08) 시가 -0.94%, 종가 -2.94%; D+5 -10.90%"
2026-05-07,247540,에코프로비엠,foreign_buy_streak_4,"foreign_buy_streak_2,foreign_buy_streak_3,foreign_buy_2d_all,foreign_buy_3d_all,foreign_buy_vol_0_5pct,foreign_buy_vol_1pct,foreign_buy_vol_2pct",4,125980,225064,438854,11.05,235500,2026-05-08,235500,0.00,237500,0.85,209000,-11.25,,,,,하락 전환,"D+1(2026-05-08) 시가 +0.00%, 종가 +0.85%; D+5 -11.25%"
2026-05-07,000720,현대건설,foreign_buy_streak_3,"foreign_buy_streak_2,foreign_buy_streak_3,foreign_buy_2d_all,foreign_buy_3d_all",3,3915,303845,431495,0.26,167400,2026-05-08,165000,-1.43,164000,-2.03,169300,1.14,,,,,상승,"D+1(2026-05-08) 시가 -1.43%, 종가 -2.03%; D+5 +1.14%"
2026-05-07,072950,빛샘전자,foreign_buy_streak_2,"foreign_buy_streak_2,foreign_buy_2d_all,foreign_buy_vol_0_5pct,foreign_buy_vol_1pct",2,131516,132676,78990,1.53,17060,2026-05-08,17390,1.93,16190,-5.10,17700,3.75,,,,,상승,"D+1(2026-05-08) 시가 +1.93%, 종가 -5.10%; D+5 +3.75%"
2026-05-11,010170,대한광통신,foreign_buy_streak_3,"foreign_buy_streak_2,foreign_buy_streak_3,foreign_buy_2d_all,foreign_buy_3d_all,foreign_buy_vol_0_5pct,foreign_buy_vol_1pct,foreign_buy_vol_2pct",3,3135305,3346224,6879822,3.71,27950,2026-05-12,30000,7.33,29100,4.11,,,,,,,상승,"D+1(2026-05-12) 시가 +7.33%, 종가 +4.11%"
2026-05-11,277810,레인보우로보틱스,foreign_buy_streak_2,"foreign_buy_streak_2,foreign_buy_2d_all,foreign_buy_vol_0_5pct,foreign_buy_vol_1pct,foreign_buy_vol_2pct",2,56990,267902,250416,12.83,865000,2026-05-12,886000,2.43,855000,-1.16,,,,,,,보합,"D+1(2026-05-12) 시가 +2.43%, 종가 -1.16%"
2026-05-11,000270,기아,foreign_buy_streak_2,"foreign_buy_streak_2,foreign_buy_2d_all,foreign_buy_vol_0_5pct,foreign_buy_vol_1pct,foreign_buy_vol_2pct",2,759760,880743,844058,25.48,174700,2026-05-12,175700,0.57,168300,-3.66,,,,,,,보합,"D+1(2026-05-12) 시가 +0.57%, 종가 -3.66%"
2026-05-11,003280,흥아해운,foreign_buy_streak_5,"foreign_buy_streak_2,foreign_buy_streak_3,foreign_buy_2d_all,foreign_buy_3d_all,foreign_buy_vol_0_5pct,foreign_buy_vol_1pct,foreign_buy_vol_2pct",5,441699,848174,1441101,8.42,2670,2026-05-12,2670,0.00,2780,4.12,,,,,,,상승,"D+1(2026-05-12) 시가 +0.00%, 종가 +4.12%"
2026-05-11,051910,LG화학,foreign_buy_streak_3,"foreign_buy_streak_2,foreign_buy_streak_3,foreign_buy_2d_all,foreign_buy_3d_all,foreign_buy_vol_0_5pct,foreign_buy_vol_1pct,foreign_buy_vol_2pct",3,48314,73374,115496,14.91,423500,2026-05-12,419000,-1.06,388500,-8.26,,,,,,,하락 전환,"D+1(2026-05-12) 시가 -1.06%, 종가 -8.26%"
2026-05-11,047040,대우건설,foreign_buy_streak_2,"foreign_buy_streak_2,foreign_buy_2d_all,foreign_buy_vol_0_5pct,foreign_buy_vol_1pct,foreign_buy_vol_2pct",2,220683,396739,-534466,2.93,32100,2026-05-12,32100,0.00,30150,-6.07,,,,,,,하락 전환,"D+1(2026-05-12) 시가 +0.00%, 종가 -6.07%"
2026-05-11,373220,LG에너지솔루션,foreign_buy_streak_5,"foreign_buy_streak_2,foreign_buy_streak_3,foreign_buy_2d_all,foreign_buy_3d_all,foreign_buy_vol_0_5pct,foreign_buy_vol_1pct,foreign_buy_vol_2pct",5,27028,38899,52502,6.63,468000,2026-05-12,470000,0.43,443000,-5.34,,,,,,,하락 전환,"D+1(2026-05-12) 시가 +0.43%, 종가 -5.34%"
2026-05-11,348340,뉴로메카,foreign_buy_streak_2,"foreign_buy_streak_2,foreign_buy_2d_all,foreign_buy_vol_0_5pct,foreign_buy_vol_1pct",2,10980,131417,114128,1.21,67100,2026-05-12,70000,4.32,75700,12.82,,,,,,,상승 지속,"D+1(2026-05-12) 시가 +4.32%, 종가 +12.82%"
2026-05-11,108490,로보티즈,foreign_buy_streak_2,"foreign_buy_streak_2,foreign_buy_2d_all,foreign_buy_vol_0_5pct,foreign_buy_vol_1pct,foreign_buy_vol_2pct",2,30749,169946,143461,3.05,377500,2026-05-12,378500,0.26,345000,-8.61,,,,,,,하락 전환,"D+1(2026-05-12) 시가 +0.26%, 종가 -8.61%"
2026-05-11,027360,아주IB투자,foreign_buy_streak_3,"foreign_buy_streak_2,foreign_buy_streak_3,foreign_buy_2d_all,foreign_buy_3d_all,foreign_buy_vol_0_5pct,foreign_buy_vol_1pct",3,373711,539451,906745,1.10,17600,2026-05-12,17810,1.19,16850,-4.26,,,,,,,보합,"D+1(2026-05-12) 시가 +1.19%, 종가 -4.26%"
2026-05-11,440110,파두,foreign_buy_streak_3,"foreign_buy_streak_2,foreign_buy_streak_3,foreign_buy_2d_all,foreign_buy_3d_all,foreign_buy_vol_0_5pct,foreign_buy_vol_1pct,foreign_buy_vol_2pct",3,229075,723155,1015159,12.22,100400,2026-05-12,102000,1.59,94800,-5.58,,,,,,,하락 전환,"D+1(2026-05-12) 시가 +1.59%, 종가 -5.58%"
2026-05-11,389500,에스비비테크,foreign_buy_streak_5,"foreign_buy_streak_2,foreign_buy_streak_3,foreign_buy_2d_all,foreign_buy_3d_all,foreign_buy_vol_0_5pct,foreign_buy_vol_1pct,foreign_buy_vol_2pct",5,241143,324142,371722,14.58,90000,2026-05-12,89500,-0.56,103300,14.78,,,,,,,상승 지속,"D+1(2026-05-12) 시가 -0.56%, 종가 +14.78%"
2026-05-11,000250,삼천당제약,foreign_buy_streak_5,"foreign_buy_streak_2,foreign_buy_streak_3,foreign_buy_2d_all,foreign_buy_3d_all,foreign_buy_vol_0_5pct,foreign_buy_vol_1pct,foreign_buy_vol_2pct",5,11120,23448,41174,5.23,409500,2026-05-12,413500,0.98,415000,1.34,,,,,,,상승,"D+1(2026-05-12) 시가 +0.98%, 종가 +1.34%"
2026-05-12,006400,삼성SDI,foreign_buy_streak_2,"foreign_buy_streak_2,foreign_buy_2d_all,foreign_buy_vol_0_5pct,foreign_buy_vol_1pct,foreign_buy_vol_2pct",2,46251,210567,171602,3.43,629000,2026-05-13,612000,-2.70,634000,0.79,,,,,,,상승,"D+1(2026-05-13) 시가 -2.70%, 종가 +0.79%"
2026-05-12,005490,POSCO홀딩스,foreign_buy_streak_2,"foreign_buy_streak_2,foreign_buy_2d_all,foreign_buy_vol_0_5pct,foreign_buy_vol_1pct,foreign_buy_vol_2pct",2,218926,278634,198258,16.73,479000,2026-05-13,475000,-0.84,478500,-0.10,,,,,,,보합,"D+1(2026-05-13) 시가 -0.84%, 종가 -0.10%"
2026-05-12,329180,HD현대중공업,foreign_buy_streak_2,"foreign_buy_streak_2,foreign_buy_2d_all,foreign_buy_vol_0_5pct,foreign_buy_vol_1pct,foreign_buy_vol_2pct",2,100967,139348,37761,11.31,707000,2026-05-13,712000,0.71,733000,3.68,,,,,,,상승,"D+1(2026-05-13) 시가 +0.71%, 종가 +3.68%"
2026-05-12,277810,레인보우로보틱스,foreign_buy_streak_3,"foreign_buy_streak_2,foreign_buy_streak_3,foreign_buy_2d_all,foreign_buy_3d_all,foreign_buy_vol_0_5pct,foreign_buy_vol_1pct,foreign_buy_vol_2pct",3,16356,73346,284258,2.77,855000,2026-05-13,844000,-1.29,878000,2.69,,,,,,,상승,"D+1(2026-05-13) 시가 -1.29%, 종가 +2.69%"
2026-05-12,051910,LG화학,foreign_buy_streak_4,"foreign_buy_streak_2,foreign_buy_streak_3,foreign_buy_2d_all,foreign_buy_3d_all,foreign_buy_vol_0_5pct,foreign_buy_vol_1pct",4,12695,61009,86069,1.21,388500,2026-05-13,395000,1.67,387500,-0.26,,,,,,,보합,"D+1(2026-05-13) 시가 +1.67%, 종가 -0.26%"
2026-05-12,032820,우리기술,foreign_buy_streak_2,"foreign_buy_streak_2,foreign_buy_2d_all,foreign_buy_vol_0_5pct,foreign_buy_vol_1pct,foreign_buy_vol_2pct",2,964252,1555505,1422400,4.95,20000,2026-05-13,20000,0.00,18140,-9.30,,,,,,,하락 전환,"D+1(2026-05-13) 시가 +0.00%, 종가 -9.30%"
2026-05-12,047040,대우건설,foreign_buy_streak_3,"foreign_buy_streak_2,foreign_buy_streak_3,foreign_buy_2d_all,foreign_buy_3d_all,foreign_buy_vol_0_5pct,foreign_buy_vol_1pct,foreign_buy_vol_2pct",3,592007,812690,988746,5.74,30150,2026-05-13,28900,-4.15,28950,-3.98,,,,,,,보합,"D+1(2026-05-13) 시가 -4.15%, 종가 -3.98%"
2026-05-12,373220,LG에너지솔루션,foreign_buy_streak_6,"foreign_buy_streak_2,foreign_buy_streak_3,foreign_buy_2d_all,foreign_buy_3d_all,foreign_buy_vol_0_5pct,foreign_buy_vol_1pct,foreign_buy_vol_2pct",6,66628,93656,105527,9.97,443000,2026-05-13,443500,0.11,430000,-2.93,,,,,,,보합,"D+1(2026-05-13) 시가 +0.11%, 종가 -2.93%"
2026-05-12,024840,KBI메탈,foreign_buy_streak_2,"foreign_buy_streak_2,foreign_buy_2d_all",2,77103,78378,78378,0.33,9200,2026-05-13,8440,-8.26,7640,-16.96,,,,,,,하락 전환,"D+1(2026-05-13) 시가 -8.26%, 종가 -16.96%"
2026-05-12,218410,RFHIC,foreign_buy_streak_2,"foreign_buy_streak_2,foreign_buy_2d_all,foreign_buy_vol_0_5pct,foreign_buy_vol_1pct,foreign_buy_vol_2pct",2,76695,145287,143762,4.43,112500,2026-05-13,108100,-3.91,105300,-6.40,,,,,,,하락 전환,"D+1(2026-05-13) 시가 -3.91%, 종가 -6.40%"
2026-05-12,141080,리가켐바이오,foreign_buy_streak_2,"foreign_buy_streak_2,foreign_buy_2d_all,foreign_buy_vol_0_5pct,foreign_buy_vol_1pct,foreign_buy_vol_2pct",2,157497,173702,161582,16.43,203500,2026-05-13,207000,1.72,197700,-2.85,,,,,,,보합,"D+1(2026-05-13) 시가 +1.72%, 종가 -2.85%"
2026-05-12,440110,파두,foreign_buy_streak_4,"foreign_buy_streak_2,foreign_buy_streak_3,foreign_buy_2d_all,foreign_buy_3d_all,foreign_buy_vol_0_5pct,foreign_buy_vol_1pct,foreign_buy_vol_2pct",4,157748,386823,880903,7.98,94800,2026-05-13,92000,-2.95,100000,5.49,,,,,,,상승 지속,"D+1(2026-05-13) 시가 -2.95%, 종가 +5.49%"
2026-05-12,389500,에스비비테크,foreign_buy_streak_6,"foreign_buy_streak_2,foreign_buy_streak_3,foreign_buy_2d_all,foreign_buy_3d_all,foreign_buy_vol_0_5pct,foreign_buy_vol_1pct,foreign_buy_vol_2pct",6,61988,303131,386130,3.94,103300,2026-05-13,102900,-0.39,106400,3.00,,,,,,,상승,"D+1(2026-05-13) 시가 -0.39%, 종가 +3.00%"
2026-05-12,058470,리노공업,foreign_buy_streak_2,"foreign_buy_streak_2,foreign_buy_2d_all,foreign_buy_vol_0_5pct,foreign_buy_vol_1pct,foreign_buy_vol_2pct",2,89644,101782,-72019,6.86,108400,2026-05-13,107400,-0.92,112300,3.60,,,,,,,상승,"D+1(2026-05-13) 시가 -0.92%, 종가 +3.60%"
2026-05-13,307950,현대오토에버,foreign_buy_streak_2,"foreign_buy_streak_2,foreign_buy_2d_all",2,1904,16682,-28014,0.22,699000,2026-05-14,702000,0.43,689000,-1.43,,,,,,,보합,"D+1(2026-05-14) 시가 +0.43%, 종가 -1.43%"
2026-05-13,034220,LG디스플레이,foreign_buy_streak_3,"foreign_buy_streak_2,foreign_buy_streak_3,foreign_buy_2d_all,foreign_buy_3d_all,foreign_buy_vol_0_5pct,foreign_buy_vol_1pct,foreign_buy_vol_2pct",3,4427350,5055302,6046871,11.84,14170,2026-05-14,14370,1.41,15340,8.26,,,,,,,상승 지속,"D+1(2026-05-14) 시가 +1.41%, 종가 +8.26%"
2026-05-13,012200,계양전기,foreign_buy_streak_2,"foreign_buy_streak_2,foreign_buy_2d_all",2,81384,263630,52770,0.21,12380,2026-05-14,12600,1.78,10320,-16.64,,,,,,,하락 전환,"D+1(2026-05-14) 시가 +1.78%, 종가 -16.64%"
2026-05-13,006400,삼성SDI,foreign_buy_streak_3,"foreign_buy_streak_2,foreign_buy_streak_3,foreign_buy_2d_all,foreign_buy_3d_all,foreign_buy_vol_0_5pct,foreign_buy_vol_1pct,foreign_buy_vol_2pct",3,58179,104430,268746,7.38,634000,2026-05-14,663000,4.57,636000,0.32,,,,,,,상승,"D+1(2026-05-14) 시가 +4.57%, 종가 +0.32%"
2026-05-13,001440,대한전선,foreign_buy_streak_2,"foreign_buy_streak_2,foreign_buy_2d_all,foreign_buy_vol_0_5pct,foreign_buy_vol_1pct,foreign_buy_vol_2pct",2,676544,2330782,1030037,9.80,65400,2026-05-14,66600,1.83,65500,0.15,,,,,,,상승,"D+1(2026-05-14) 시가 +1.83%, 종가 +0.15%"
2026-05-13,010120,LS ELECTRIC,foreign_buy_streak_2,"foreign_buy_streak_2,foreign_buy_2d_all",2,1047,101131,-87547,0.10,285000,2026-05-14,297000,4.21,280000,-1.75,,,,,,,보합,"D+1(2026-05-14) 시가 +4.21%, 종가 -1.75%"
2026-05-13,277810,레인보우로보틱스,foreign_buy_streak_4,"foreign_buy_streak_2,foreign_buy_streak_3,foreign_buy_2d_all,foreign_buy_3d_all,foreign_buy_vol_0_5pct,foreign_buy_vol_1pct,foreign_buy_vol_2pct",4,13500,29856,86846,4.30,878000,2026-05-14,894000,1.82,841000,-4.21,,,,,,,보합,"D+1(2026-05-14) 시가 +1.82%, 종가 -4.21%"
2026-05-13,080220,제주반도체,foreign_buy_streak_2,"foreign_buy_streak_2,foreign_buy_2d_all,foreign_buy_vol_0_5pct,foreign_buy_vol_1pct,foreign_buy_vol_2pct",2,524419,575116,525394,14.49,58900,2026-05-14,57000,-3.23,75600,28.35,,,,,,,상승 지속,"D+1(2026-05-14) 시가 -3.23%, 종가 +28.35%"
2026-05-13,373220,LG에너지솔루션,foreign_buy_streak_7,"foreign_buy_streak_2,foreign_buy_streak_3,foreign_buy_2d_all,foreign_buy_3d_all,foreign_buy_vol_0_5pct,foreign_buy_vol_1pct,foreign_buy_vol_2pct",7,45511,112139,139167,10.00,430000,2026-05-14,447000,3.95,442000,2.79,,,,,,,상승,"D+1(2026-05-14) 시가 +3.95%, 종가 +2.79%"
2026-05-13,322000,HD현대에너지솔루션,foreign_buy_streak_2,"foreign_buy_streak_2,foreign_buy_2d_all,foreign_buy_vol_0_5pct,foreign_buy_vol_1pct,foreign_buy_vol_2pct",2,28464,61362,44224,3.27,212000,2026-05-14,215500,1.65,244000,15.09,,,,,,,상승 지속,"D+1(2026-05-14) 시가 +1.65%, 종가 +15.09%"
2026-05-13,046890,서울반도체,foreign_buy_streak_2,"foreign_buy_streak_2,foreign_buy_2d_all,foreign_buy_vol_0_5pct,foreign_buy_vol_1pct,foreign_buy_vol_2pct",2,536309,815770,588120,9.04,17690,2026-05-14,17390,-1.70,18280,3.34,,,,,,,상승,"D+1(2026-05-14) 시가 -1.70%, 종가 +3.34%"
2026-05-13,183300,코미코,foreign_buy_streak_4,"foreign_buy_streak_2,foreign_buy_streak_3,foreign_buy_2d_all,foreign_buy_3d_all,foreign_buy_vol_0_5pct,foreign_buy_vol_1pct,foreign_buy_vol_2pct",4,17266,131846,137277,3.01,187000,2026-05-14,186400,-0.32,179000,-4.28,,,,,,,보합,"D+1(2026-05-14) 시가 -0.32%, 종가 -4.28%"
2026-05-13,330860,네패스아크,foreign_buy_streak_2,"foreign_buy_streak_2,foreign_buy_2d_all,foreign_buy_vol_0_5pct,foreign_buy_vol_1pct,foreign_buy_vol_2pct",2,212074,267888,226884,10.91,51000,2026-05-14,47950,-5.98,50300,-1.37,,,,,,,보합,"D+1(2026-05-14) 시가 -5.98%, 종가 -1.37%"
2026-05-14,322000,HD현대에너지솔루션,foreign_buy_streak_3,"foreign_buy_streak_2,foreign_buy_streak_3,foreign_buy_2d_all,foreign_buy_3d_all,foreign_buy_vol_0_5pct,foreign_buy_vol_1pct,foreign_buy_vol_2pct",3,169426,197890,230788,7.59,244000,2026-05-15,240500,-1.43,196800,-19.34,,,,,,,하락 전환,"D+1(2026-05-15) 시가 -1.43%, 종가 -19.34%"
2026-05-14,034220,LG디스플레이,foreign_buy_streak_4,"foreign_buy_streak_2,foreign_buy_streak_3,foreign_buy_2d_all,foreign_buy_3d_all,foreign_buy_vol_0_5pct,foreign_buy_vol_1pct,foreign_buy_vol_2pct",4,5617671,10045021,10672973,18.92,15340,2026-05-15,15910,3.72,14100,-8.08,,,,,,,하락 전환,"D+1(2026-05-15) 시가 +3.72%, 종가 -8.08%"
2026-05-14,088350,한화생명,foreign_buy_streak_2,"foreign_buy_streak_2,foreign_buy_2d_all,foreign_buy_vol_0_5pct,foreign_buy_vol_1pct,foreign_buy_vol_2pct",2,5736872,7077065,6882916,12.89,5490,2026-05-15,5500,0.18,5390,-1.82,,,,,,,보합,"D+1(2026-05-15) 시가 +0.18%, 종가 -1.82%"
2026-05-14,072950,빛샘전자,foreign_buy_streak_2,"foreign_buy_streak_2,foreign_buy_2d_all,foreign_buy_vol_0_5pct,foreign_buy_vol_1pct",2,81846,97452,20585,1.21,17700,2026-05-15,17700,0.00,15320,-13.45,,,,,,,하락 전환,"D+1(2026-05-15) 시가 +0.00%, 종가 -13.45%"
2026-05-14,092190,서울바이오시스,foreign_buy_streak_3,"foreign_buy_streak_2,foreign_buy_streak_3,foreign_buy_2d_all,foreign_buy_3d_all,foreign_buy_vol_0_5pct,foreign_buy_vol_1pct,foreign_buy_vol_2pct",3,539225,673443,685809,9.69,16980,2026-05-15,16980,0.00,15410,-9.25,,,,,,,하락 전환,"D+1(2026-05-15) 시가 +0.00%, 종가 -9.25%"
2026-05-14,046890,서울반도체,foreign_buy_streak_3,"foreign_buy_streak_2,foreign_buy_streak_3,foreign_buy_2d_all,foreign_buy_3d_all,foreign_buy_vol_0_5pct,foreign_buy_vol_1pct",3,87891,624200,903661,1.71,18280,2026-05-15,17780,-2.74,16120,-11.82,,,,,,,하락 전환,"D+1(2026-05-15) 시가 -2.74%, 종가 -11.82%"
2026-05-15,005490,POSCO홀딩스,foreign_buy_streak_2,"foreign_buy_streak_2,foreign_buy_2d_all,foreign_buy_vol_0_5pct,foreign_buy_vol_1pct,foreign_buy_vol_2pct",2,42634,69950,62446,5.97,467500,,,,,,,,,,,,,
2026-05-15,010170,대한광통신,foreign_buy_streak_2,"foreign_buy_streak_2,foreign_buy_2d_all,foreign_buy_vol_0_5pct,foreign_buy_vol_1pct,foreign_buy_vol_2pct",2,447780,572015,-3956168,3.08,23000,,,,,,,,,,,,,
2026-05-15,440110,파두,foreign_buy_streak_2,"foreign_buy_streak_2,foreign_buy_2d_all,foreign_buy_vol_0_5pct,foreign_buy_vol_1pct,foreign_buy_vol_2pct",2,569865,571757,469497,26.24,100100,,,,,,,,,,,,,
2026-05-15,090360,로보스타,foreign_buy_streak_2,"foreign_buy_streak_2,foreign_buy_2d_all,foreign_buy_vol_0_5pct,foreign_buy_vol_1pct,foreign_buy_vol_2pct",2,61534,76039,42502,3.01,88800,,,,,,,,,,,,,
2026-05-15,178320,서진시스템,foreign_buy_streak_2,"foreign_buy_streak_2,foreign_buy_2d_all,foreign_buy_vol_0_5pct,foreign_buy_vol_1pct,foreign_buy_vol_2pct",2,60493,63274,2275,2.83,67000,,,,,,,,,,,,,
2026-05-15,032820,우리기술,foreign_buy_streak_2,"foreign_buy_streak_2,foreign_buy_2d_all,foreign_buy_vol_0_5pct,foreign_buy_vol_1pct,foreign_buy_vol_2pct",2,930929,1687060,292152,13.68,17130,,,,,,,,,,,,,
2026-05-15,222800,심텍,foreign_buy_streak_2,"foreign_buy_streak_2,foreign_buy_2d_all,foreign_buy_vol_0_5pct,foreign_buy_vol_1pct,foreign_buy_vol_2pct",2,132304,193285,108701,16.14,100300,,,,,,,,,,,,,
2026-05-15,031330,에스에이엠티,foreign_buy_streak_2,"foreign_buy_streak_2,foreign_buy_2d_all,foreign_buy_vol_0_5pct,foreign_buy_vol_1pct",2,82535,194740,74672,1.26,14300,,,,,,,,,,,,,
