signal_date,ticker,name,condition_id,matched_conditions,foreign_net_sell_streak,foreign_qty,foreign_net_sell_2d_qty,foreign_net_sell_3d_qty,foreign_volume_ratio_pct,event_close,next_trading_day,next_open,next_open_return_pct,next_close,next_close_return_pct,d_plus_5_close,d_plus_5_return_pct,d_plus_10_close,d_plus_10_return_pct,d_plus_20_close,d_plus_20_return_pct,result_label,review_note
2026-05-13,000660,SK하이닉스,foreign_sell_streak_5,"foreign_sell_streak_2,foreign_sell_streak_3,foreign_sell_2d_all,foreign_sell_3d_all,foreign_sell_vol_0_5pct,foreign_sell_vol_1pct,foreign_sell_vol_2pct",5,-917859,-2552452,-3007031,12.88,1976000,,,,,,,,,,,,,
2026-05-13,005930,삼성전자,foreign_sell_streak_5,"foreign_sell_streak_2,foreign_sell_streak_3,foreign_sell_2d_all,foreign_sell_3d_all,foreign_sell_vol_0_5pct,foreign_sell_vol_1pct,foreign_sell_vol_2pct",5,-5675844,-13500077,-21497999,15.97,284000,,,,,,,,,,,,,
2026-05-13,402340,SK스퀘어,foreign_sell_streak_10,"foreign_sell_streak_2,foreign_sell_streak_3,foreign_sell_2d_all,foreign_sell_3d_all,foreign_sell_vol_0_5pct,foreign_sell_vol_1pct,foreign_sell_vol_2pct",10,-95147,-121839,-214915,9.37,1190000,,,,,,,,,,,,,
2026-05-13,005935,삼성전자우,foreign_sell_streak_2,"foreign_sell_streak_2,foreign_sell_2d_all,foreign_sell_vol_0_5pct,foreign_sell_vol_1pct",2,-86078,-2056240,-732339,1.42,189100,,,,,,,,,,,,,
2026-05-13,012330,현대모비스,foreign_sell_streak_5,"foreign_sell_streak_2,foreign_sell_streak_3,foreign_sell_2d_all,foreign_sell_3d_all,foreign_sell_vol_0_5pct,foreign_sell_vol_1pct,foreign_sell_vol_2pct",5,-251400,-671623,-913807,14.36,649000,,,,,,,,,,,,,
2026-05-13,010170,대한광통신,foreign_sell_streak_2,"foreign_sell_streak_2,foreign_sell_2d_all,foreign_sell_vol_0_5pct,foreign_sell_vol_1pct,foreign_sell_vol_2pct",2,-4528183,-7300685,-4165380,13.13,24750,,,,,,,,,,,,,
2026-05-13,439960,코스모로보틱스,foreign_sell_streak_3,"foreign_sell_streak_2,foreign_sell_streak_3,foreign_sell_2d_all,foreign_sell_3d_all",3,-49021,-69893,-667336,0.48,40550,,,,,,,,,,,,,
2026-05-13,319400,현대무벡스,foreign_sell_streak_3,"foreign_sell_streak_2,foreign_sell_streak_3,foreign_sell_2d_all,foreign_sell_3d_all,foreign_sell_vol_0_5pct",3,-66390,-69852,-882969,0.90,43650,,,,,,,,,,,,,
2026-05-13,011070,LG이노텍,foreign_sell_streak_2,"foreign_sell_streak_2,foreign_sell_2d_all,foreign_sell_vol_0_5pct,foreign_sell_vol_1pct,foreign_sell_vol_2pct",2,-131976,-189102,-182992,30.29,753000,,,,,,,,,,,,,
2026-05-13,086280,현대글로비스,foreign_sell_streak_13,"foreign_sell_streak_2,foreign_sell_streak_3,foreign_sell_2d_all,foreign_sell_3d_all,foreign_sell_vol_0_5pct,foreign_sell_vol_1pct,foreign_sell_vol_2pct",13,-152312,-182117,-329312,13.73,284000,,,,,,,,,,,,,
2026-05-13,010140,삼성중공업,foreign_sell_streak_2,"foreign_sell_streak_2,foreign_sell_2d_all,foreign_sell_vol_0_5pct,foreign_sell_vol_1pct,foreign_sell_vol_2pct",2,-1416994,-6339000,-4639316,19.20,31050,,,,,,,,,,,,,
2026-05-13,006800,미래에셋증권,foreign_sell_streak_5,"foreign_sell_streak_2,foreign_sell_streak_3,foreign_sell_2d_all,foreign_sell_3d_all,foreign_sell_vol_0_5pct,foreign_sell_vol_1pct,foreign_sell_vol_2pct",5,-506914,-1259681,-2074990,17.73,72900,,,,,,,,,,,,,
2026-05-13,079550,LIG디펜스앤에어로스페이스,foreign_sell_streak_5,"foreign_sell_streak_2,foreign_sell_streak_3,foreign_sell_2d_all,foreign_sell_3d_all,foreign_sell_vol_0_5pct,foreign_sell_vol_1pct,foreign_sell_vol_2pct",5,-23475,-32575,-37643,10.12,873000,,,,,,,,,,,,,
2026-05-13,105560,KB금융,foreign_sell_streak_2,"foreign_sell_streak_2,foreign_sell_2d_all,foreign_sell_vol_0_5pct,foreign_sell_vol_1pct,foreign_sell_vol_2pct",2,-33186,-320291,-263552,2.58,152000,,,,,,,,,,,,,
2026-05-13,036930,주성엔지니어링,foreign_sell_streak_2,"foreign_sell_streak_2,foreign_sell_2d_all,foreign_sell_vol_0_5pct,foreign_sell_vol_1pct,foreign_sell_vol_2pct",2,-148783,-277554,-273823,13.01,168000,,,,,,,,,,,,,
2026-05-13,356680,엑스게이트,foreign_sell_streak_3,"foreign_sell_streak_2,foreign_sell_streak_3,foreign_sell_2d_all,foreign_sell_3d_all,foreign_sell_vol_0_5pct",3,-46264,-95852,-133292,0.53,20100,,,,,,,,,,,,,
2026-05-13,108490,로보티즈,foreign_sell_streak_2,"foreign_sell_streak_2,foreign_sell_2d_all,foreign_sell_vol_0_5pct,foreign_sell_vol_1pct,foreign_sell_vol_2pct",2,-60644,-134358,-103609,15.26,355500,,,,,,,,,,,,,
2026-05-13,131970,두산테스나,foreign_sell_streak_4,"foreign_sell_streak_2,foreign_sell_streak_3,foreign_sell_2d_all,foreign_sell_3d_all,foreign_sell_vol_0_5pct",4,-7777,-23097,-45836,0.95,182000,,,,,,,,,,,,,
2026-05-13,247540,에코프로비엠,foreign_sell_streak_3,"foreign_sell_streak_2,foreign_sell_streak_3,foreign_sell_2d_all,foreign_sell_3d_all,foreign_sell_vol_0_5pct,foreign_sell_vol_1pct,foreign_sell_vol_2pct",3,-107473,-137985,-304580,16.13,197100,,,,,,,,,,,,,
2026-05-13,263750,펄어비스,foreign_sell_streak_6,"foreign_sell_streak_2,foreign_sell_streak_3,foreign_sell_2d_all,foreign_sell_3d_all,foreign_sell_vol_0_5pct,foreign_sell_vol_1pct,foreign_sell_vol_2pct",6,-639967,-675748,-746551,28.68,51900,,,,,,,,,,,,,
