signal_date,pattern_id,pattern_name,category,prediction_direction,confidence,basis,open,high,low,close,volume,trade_amount,ticker,name
2025-09-30,bearish_separating_line,하락 갈림길형,추세 지속형,down,65,같은 시가 부근에서 음봉 전환,84600.0,84900.0,83400.0,83900.0,16319061.0,1371831147850.0,005930,삼성전자
2025-09-30,tweezer_top,트위저 탑,추세 반전형,down,65,비슷한 고점이 이틀 연속 형성,84600.0,84900.0,83400.0,83900.0,16319061.0,1371831147850.0,005930,삼성전자
2025-10-02,bearish_kicker,하락 키커,추세 반전형,down,80,장대 양봉 뒤 하락 갭 장대 음봉,89300.0,90300.0,88700.0,89000.0,49883028.0,4472131514922.0,005930,삼성전자
2025-10-02,rising_window,라이징 윈도우,추세 지속형,up,70,전일 고가 위로 상승 갭 형성,89300.0,90300.0,88700.0,89000.0,49883028.0,4472131514922.0,005930,삼성전자
2025-10-02,tweezer_top,트위저 탑,추세 반전형,down,65,비슷한 고점이 이틀 연속 형성,89300.0,90300.0,88700.0,89000.0,49883028.0,4472131514922.0,005930,삼성전자
2025-10-10,rising_window,라이징 윈도우,추세 지속형,up,70,전일 고가 위로 상승 갭 형성,94000.0,94500.0,92700.0,94400.0,35269748.0,3311084659050.0,005930,삼성전자
2025-10-13,three_outside_up,쓰리 아웃사이드 업,추세 반전형,up,82,상승 장악형 뒤 추가 상승 확인,91300.0,93400.0,90700.0,93300.0,23883308.0,2197370665497.0,005930,삼성전자
2025-10-13,single_long_bull,장대 양봉,단일 캔들 패턴,up,75,최근 평균 몸통 대비 큰 양봉,91300.0,93400.0,90700.0,93300.0,23883308.0,2197370665497.0,005930,삼성전자
2025-10-14,single_long_bear,장대 음봉,단일 캔들 패턴,down,75,최근 평균 몸통 대비 큰 음봉,95300.0,96000.0,90200.0,91600.0,35545235.0,3312011003250.0,005930,삼성전자
2025-10-14,bearish_dark_cloud,흑운형,추세 반전형,down,72,전일 양봉 중간 아래로 밀림,95300.0,96000.0,90200.0,91600.0,35545235.0,3312011003250.0,005930,삼성전자
2025-10-14,tweezer_top,트위저 탑,추세 반전형,down,65,비슷한 고점이 이틀 연속 형성,95300.0,96000.0,90200.0,91600.0,35545235.0,3312011003250.0,005930,삼성전자
2025-10-14,railroad_tracks,기찻길형,추세 반전형,neutral,60,비슷한 크기의 반대 방향 장대봉 2개,95300.0,96000.0,90200.0,91600.0,35545235.0,3312011003250.0,005930,삼성전자
2025-10-15,single_long_bull,장대 양봉,단일 캔들 패턴,up,75,최근 평균 몸통 대비 큰 양봉,92300.0,95300.0,92100.0,95000.0,21050111.0,1978832965007.0,005930,삼성전자
2025-10-15,bullish_piercing,상승 관통형,추세 반전형,up,72,전일 음봉 중간 이상 회복,92300.0,95300.0,92100.0,95000.0,21050111.0,1978832965007.0,005930,삼성전자
2025-10-15,bullish_counterattack,상승 반격형,추세 반전형,up,65,하락 후 반대 양봉이 전일 종가 부근 회복,92300.0,95300.0,92100.0,95000.0,21050111.0,1978832965007.0,005930,삼성전자
2025-10-15,railroad_tracks,기찻길형,추세 반전형,neutral,60,비슷한 크기의 반대 방향 장대봉 2개,92300.0,95300.0,92100.0,95000.0,21050111.0,1978832965007.0,005930,삼성전자
2025-10-16,three_outside_up,쓰리 아웃사이드 업,추세 반전형,up,82,상승 장악형 뒤 추가 상승 확인,95300.0,97700.0,95000.0,97700.0,28141060.0,2728362196400.0,005930,삼성전자
2025-10-16,tweezer_top,트위저 탑,추세 반전형,down,65,비슷한 고점이 이틀 연속 형성,95300.0,97700.0,95000.0,97700.0,28141060.0,2728362196400.0,005930,삼성전자
2025-10-17,tweezer_top,트위저 탑,추세 반전형,down,65,비슷한 고점이 이틀 연속 형성,97200.0,99100.0,96700.0,97900.0,22730809.0,2225132112442.0,005930,삼성전자
2025-10-20,single_dragonfly_doji,잠자리형 도지,단일 캔들 패턴,up,70,긴 아래꼬리 도지,97900.0,98300.0,96000.0,98100.0,17589756.0,1714999925050.0,005930,삼성전자
2025-10-20,single_doji,도지,단일 캔들 패턴,neutral,65,시가와 종가가 거의 같은 균형 캔들,97900.0,98300.0,96000.0,98100.0,17589756.0,1714999925050.0,005930,삼성전자
2025-10-21,three_inside_down,쓰리 인사이드 다운,추세 반전형,down,82,하락 잉태형 뒤 확인 음봉,98500.0,99900.0,97300.0,97500.0,22803830.0,2252645721374.0,005930,삼성전자
2025-10-21,bearish_engulfing,하락 장악형,추세 반전형,down,80,양봉 몸통을 다음 음봉이 감쌈,98500.0,99900.0,97300.0,97500.0,22803830.0,2252645721374.0,005930,삼성전자
2025-10-21,bearish_three_line_strike,약세 삼선 반격형,추세 지속형,down,80,3개 음봉 뒤 긴 양봉 반격이 나와도 하락 지속으로 분류,98500.0,99900.0,97300.0,97500.0,22803830.0,2252645721374.0,005930,삼성전자
2025-10-21,rising_three_methods,상승 삼법형,추세 지속형,up,78,강한 양봉 뒤 내부 조정 후 고점 돌파,98500.0,99900.0,97300.0,97500.0,22803830.0,2252645721374.0,005930,삼성전자
2025-10-21,bearish_counterattack,하락 반격형,추세 반전형,down,65,상승 후 반대 음봉이 전일 종가 부근까지 밀림,98500.0,99900.0,97300.0,97500.0,22803830.0,2252645721374.0,005930,삼성전자
2025-10-21,bearish_separating_line,하락 갈림길형,추세 지속형,down,65,같은 시가 부근에서 음봉 전환,98500.0,99900.0,97300.0,97500.0,22803830.0,2252645721374.0,005930,삼성전자
2025-10-21,tweezer_top,트위저 탑,추세 반전형,down,65,비슷한 고점이 이틀 연속 형성,98500.0,99900.0,97300.0,97500.0,22803830.0,2252645721374.0,005930,삼성전자
2025-10-22,bullish_engulfing,상승 장악형,추세 반전형,up,80,음봉 몸통을 다음 양봉이 감쌈,97100.0,98600.0,95500.0,98600.0,15937611.0,1547962213088.0,005930,삼성전자
2025-10-22,tweezer_bottom,트위저 바텀,추세 반전형,up,65,비슷한 저점이 이틀 연속 형성,97100.0,98600.0,95500.0,98600.0,15937611.0,1547962213088.0,005930,삼성전자
2025-10-23,tweezer_top,트위저 탑,추세 반전형,down,65,비슷한 고점이 이틀 연속 형성,96800.0,98500.0,96300.0,96500.0,18488581.0,1796781660790.0,005930,삼성전자
2025-10-27,three_outside_up,쓰리 아웃사이드 업,추세 반전형,up,82,상승 장악형 뒤 추가 상승 확인,101300.0,102000.0,100600.0,102000.0,22169970.0,2250615426550.0,005930,삼성전자
2025-10-27,rising_window,라이징 윈도우,추세 지속형,up,70,전일 고가 위로 상승 갭 형성,101300.0,102000.0,100600.0,102000.0,22169970.0,2250615426550.0,005930,삼성전자
2025-10-27,tweezer_top,트위저 탑,추세 반전형,down,65,비슷한 고점이 이틀 연속 형성,101300.0,102000.0,100600.0,102000.0,22169970.0,2250615426550.0,005930,삼성전자
2025-10-28,bearish_belt_hold,하락 벨트홀드,추세 반전형,down,72,상승 뒤 고가 부근 시가에서 강하게 하락,100900.0,101000.0,99100.0,99500.0,20002282.0,1994943413477.0,005930,삼성전자
2025-10-29,bullish_piercing,상승 관통형,추세 반전형,up,72,전일 음봉 중간 이상 회복,100200.0,101000.0,99100.0,100500.0,20899788.0,2092397701550.0,005930,삼성전자
2025-10-29,bullish_harami,상승 잉태형,추세 반전형,up,70,하락 흐름의 큰 음봉 안에 작은 양봉,100200.0,101000.0,99100.0,100500.0,20899788.0,2092397701550.0,005930,삼성전자
2025-10-29,bullish_counterattack,상승 반격형,추세 반전형,up,65,하락 후 반대 양봉이 전일 종가 부근 회복,100200.0,101000.0,99100.0,100500.0,20899788.0,2092397701550.0,005930,삼성전자
2025-10-29,bullish_separating_line,상승 갈림길형,추세 지속형,up,65,같은 시가 부근에서 양봉 전환,100200.0,101000.0,99100.0,100500.0,20899788.0,2092397701550.0,005930,삼성전자
2025-10-29,single_spinning_top,팽이형,단일 캔들 패턴,neutral,65,작은 몸통과 양쪽 꼬리,100200.0,101000.0,99100.0,100500.0,20899788.0,2092397701550.0,005930,삼성전자
2025-10-29,tweezer_bottom,트위저 바텀,추세 반전형,up,65,비슷한 저점이 이틀 연속 형성,100200.0,101000.0,99100.0,100500.0,20899788.0,2092397701550.0,005930,삼성전자
2025-10-30,morning_star,샛별형,추세 반전형,up,82,"큰 음봉 뒤 작은 몸통, 다음 양봉 회복",102400.0,105800.0,102000.0,104100.0,34570017.0,3591285130855.0,005930,삼성전자
2025-10-30,three_outside_up,쓰리 아웃사이드 업,추세 반전형,up,82,상승 장악형 뒤 추가 상승 확인,102400.0,105800.0,102000.0,104100.0,34570017.0,3591285130855.0,005930,삼성전자
2025-10-30,single_long_bull,장대 양봉,단일 캔들 패턴,up,75,최근 평균 몸통 대비 큰 양봉,102400.0,105800.0,102000.0,104100.0,34570017.0,3591285130855.0,005930,삼성전자
2025-10-30,rising_window,라이징 윈도우,추세 지속형,up,70,전일 고가 위로 상승 갭 형성,102400.0,105800.0,102000.0,104100.0,34570017.0,3591285130855.0,005930,삼성전자
2025-10-30,tweezer_top,트위저 탑,추세 반전형,down,65,비슷한 고점이 이틀 연속 형성,102400.0,105800.0,102000.0,104100.0,34570017.0,3591285130855.0,005930,삼성전자
2025-10-31,single_long_bull,장대 양봉,단일 캔들 패턴,up,75,최근 평균 몸통 대비 큰 양봉,105000.0,108600.0,103300.0,107500.0,54824564.0,5744254696496.0,005930,삼성전자
2025-10-31,tweezer_top,트위저 탑,추세 반전형,down,65,비슷한 고점이 이틀 연속 형성,105000.0,108600.0,103300.0,107500.0,54824564.0,5744254696496.0,005930,삼성전자
2025-11-03,three_white_soldiers,적삼병,추세 지속형,up,85,연속 3개 강한 양봉,106900.0,111500.0,106500.0,111100.0,30110066.0,3295567406580.0,005930,삼성전자
2025-11-03,single_long_bull,장대 양봉,단일 캔들 패턴,up,75,최근 평균 몸통 대비 큰 양봉,106900.0,111500.0,106500.0,111100.0,30110066.0,3295567406580.0,005930,삼성전자
2025-11-03,tweezer_top,트위저 탑,추세 반전형,down,65,비슷한 고점이 이틀 연속 형성,106900.0,111500.0,106500.0,111100.0,30110066.0,3295567406580.0,005930,삼성전자
2025-11-04,three_inside_down,쓰리 인사이드 다운,추세 반전형,down,82,하락 잉태형 뒤 확인 음봉,111800.0,112400.0,104900.0,104900.0,30450281.0,3288827318350.0,005930,삼성전자
2025-11-04,bearish_engulfing,하락 장악형,추세 반전형,down,80,양봉 몸통을 다음 음봉이 감쌈,111800.0,112400.0,104900.0,104900.0,30450281.0,3288827318350.0,005930,삼성전자
2025-11-04,single_long_bear,장대 음봉,단일 캔들 패턴,down,75,최근 평균 몸통 대비 큰 음봉,111800.0,112400.0,104900.0,104900.0,30450281.0,3288827318350.0,005930,삼성전자
2025-11-04,bearish_belt_hold,하락 벨트홀드,추세 반전형,down,72,상승 뒤 고가 부근 시가에서 강하게 하락,111800.0,112400.0,104900.0,104900.0,30450281.0,3288827318350.0,005930,삼성전자
2025-11-04,bearish_counterattack,하락 반격형,추세 반전형,down,65,상승 후 반대 음봉이 전일 종가 부근까지 밀림,111800.0,112400.0,104900.0,104900.0,30450281.0,3288827318350.0,005930,삼성전자
2025-11-04,tweezer_top,트위저 탑,추세 반전형,down,65,비슷한 고점이 이틀 연속 형성,111800.0,112400.0,104900.0,104900.0,30450281.0,3288827318350.0,005930,삼성전자
2025-11-04,railroad_tracks,기찻길형,추세 반전형,neutral,60,비슷한 크기의 반대 방향 장대봉 2개,111800.0,112400.0,104900.0,104900.0,30450281.0,3288827318350.0,005930,삼성전자
2025-11-05,three_outside_down,쓰리 아웃사이드 다운,추세 반전형,down,82,하락 장악형 뒤 추가 하락 확인,101000.0,102000.0,96700.0,100600.0,44843020.0,4472837142000.0,005930,삼성전자
2025-11-05,falling_window,폴링 윈도우,추세 지속형,down,70,전일 저가 아래로 하락 갭 형성,101000.0,102000.0,96700.0,100600.0,44843020.0,4472837142000.0,005930,삼성전자
2025-11-05,single_cross_doji,십자형,단일 캔들 패턴,neutral,70,위아래 꼬리가 있는 십자형 도지,101000.0,102000.0,96700.0,100600.0,44843020.0,4472837142000.0,005930,삼성전자
2025-11-05,single_doji,도지,단일 캔들 패턴,neutral,65,시가와 종가가 거의 같은 균형 캔들,101000.0,102000.0,96700.0,100600.0,44843020.0,4472837142000.0,005930,삼성전자
2025-11-05,single_spinning_top,팽이형,단일 캔들 패턴,neutral,65,작은 몸통과 양쪽 꼬리,101000.0,102000.0,96700.0,100600.0,44843020.0,4472837142000.0,005930,삼성전자
2025-11-05,tweezer_bottom,트위저 바텀,추세 반전형,up,65,비슷한 저점이 이틀 연속 형성,101000.0,102000.0,96700.0,100600.0,44843020.0,4472837142000.0,005930,삼성전자
2025-11-06,single_long_bear,장대 음봉,단일 캔들 패턴,down,75,최근 평균 몸통 대비 큰 음봉,103700.0,103800.0,98800.0,99200.0,28655689.0,2879395591412.0,005930,삼성전자
2025-11-07,tweezer_bottom,트위저 바텀,추세 반전형,up,65,비슷한 저점이 이틀 연속 형성,96400.0,100300.0,96300.0,97900.0,22908083.0,2246165668512.0,005930,삼성전자
2025-11-10,tweezer_top,트위저 탑,추세 반전형,down,65,비슷한 고점이 이틀 연속 형성,98600.0,101000.0,97900.0,100600.0,23842327.0,2378589265170.0,005930,삼성전자
2025-11-11,bearish_kicker,하락 키커,추세 반전형,down,80,장대 양봉 뒤 하락 갭 장대 음봉,103700.0,106000.0,102000.0,103500.0,27742542.0,2891284191696.0,005930,삼성전자
2025-11-11,rising_window,라이징 윈도우,추세 지속형,up,70,전일 고가 위로 상승 갭 형성,103700.0,106000.0,102000.0,103500.0,27742542.0,2891284191696.0,005930,삼성전자
2025-11-11,single_cross_doji,십자형,단일 캔들 패턴,neutral,70,위아래 꼬리가 있는 십자형 도지,103700.0,106000.0,102000.0,103500.0,27742542.0,2891284191696.0,005930,삼성전자
2025-11-11,single_long_legged_doji,롱레그드 도지,단일 캔들 패턴,neutral,70,긴 위아래 꼬리를 가진 도지,103700.0,106000.0,102000.0,103500.0,27742542.0,2891284191696.0,005930,삼성전자
2025-11-11,single_doji,도지,단일 캔들 패턴,neutral,65,시가와 종가가 거의 같은 균형 캔들,103700.0,106000.0,102000.0,103500.0,27742542.0,2891284191696.0,005930,삼성전자
2025-11-11,single_high_wave,하이웨이브 캔들,단일 캔들 패턴,neutral,65,작은 몸통과 긴 위아래 꼬리로 변동성 확대,103700.0,106000.0,102000.0,103500.0,27742542.0,2891284191696.0,005930,삼성전자
2025-11-11,single_spinning_top,팽이형,단일 캔들 패턴,neutral,65,작은 몸통과 양쪽 꼬리,103700.0,106000.0,102000.0,103500.0,27742542.0,2891284191696.0,005930,삼성전자
2025-11-11,tweezer_top,트위저 탑,추세 반전형,down,65,비슷한 고점이 이틀 연속 형성,103700.0,106000.0,102000.0,103500.0,27742542.0,2891284191696.0,005930,삼성전자
2025-11-12,single_cross_doji,십자형,단일 캔들 패턴,neutral,70,위아래 꼬리가 있는 십자형 도지,103000.0,103900.0,101600.0,103100.0,19413497.0,1998502530464.0,005930,삼성전자
2025-11-12,bullish_separating_line,상승 갈림길형,추세 지속형,up,65,같은 시가 부근에서 양봉 전환,103000.0,103900.0,101600.0,103100.0,19413497.0,1998502530464.0,005930,삼성전자
2025-11-12,single_doji,도지,단일 캔들 패턴,neutral,65,시가와 종가가 거의 같은 균형 캔들,103000.0,103900.0,101600.0,103100.0,19413497.0,1998502530464.0,005930,삼성전자
2025-11-12,single_spinning_top,팽이형,단일 캔들 패턴,neutral,65,작은 몸통과 양쪽 꼬리,103000.0,103900.0,101600.0,103100.0,19413497.0,1998502530464.0,005930,삼성전자
2025-11-12,tweezer_bottom,트위저 바텀,추세 반전형,up,65,비슷한 저점이 이틀 연속 형성,103000.0,103900.0,101600.0,103100.0,19413497.0,1998502530464.0,005930,삼성전자
2025-11-13,tweezer_top,트위저 탑,추세 반전형,down,65,비슷한 고점이 이틀 연속 형성,102500.0,104200.0,102300.0,102800.0,20838741.0,2148169322300.0,005930,삼성전자
2025-11-14,falling_window,폴링 윈도우,추세 지속형,down,70,전일 저가 아래로 하락 갭 형성,99000.0,99600.0,97200.0,97200.0,21806342.0,2147749334700.0,005930,삼성전자
2025-11-18,tweezer_top,트위저 탑,추세 반전형,down,65,비슷한 고점이 이틀 연속 형성,99800.0,100900.0,97500.0,97800.0,18684068.0,1844179134100.0,005930,삼성전자
2025-11-19,three_outside_down,쓰리 아웃사이드 다운,추세 반전형,down,82,하락 장악형 뒤 추가 하락 확인,97100.0,97500.0,94600.0,96500.0,18993346.0,1787980830810.0,005930,삼성전자
2025-11-19,tweezer_bottom,트위저 바텀,추세 반전형,up,65,비슷한 저점이 이틀 연속 형성,97100.0,97500.0,94600.0,96500.0,18993346.0,1787980830810.0,005930,삼성전자
2025-11-20,rising_window,라이징 윈도우,추세 지속형,up,70,전일 고가 위로 상승 갭 형성,100900.0,102900.0,99500.0,100600.0,25360435.0,2568225958163.0,005930,삼성전자
2025-11-20,single_cross_doji,십자형,단일 캔들 패턴,neutral,70,위아래 꼬리가 있는 십자형 도지,100900.0,102900.0,99500.0,100600.0,25360435.0,2568225958163.0,005930,삼성전자
2025-11-20,single_doji,도지,단일 캔들 패턴,neutral,65,시가와 종가가 거의 같은 균형 캔들,100900.0,102900.0,99500.0,100600.0,25360435.0,2568225958163.0,005930,삼성전자
2025-11-20,single_spinning_top,팽이형,단일 캔들 패턴,neutral,65,작은 몸통과 양쪽 꼬리,100900.0,102900.0,99500.0,100600.0,25360435.0,2568225958163.0,005930,삼성전자
2025-11-21,falling_window,폴링 윈도우,추세 지속형,down,70,전일 저가 아래로 하락 갭 형성,95600.0,96800.0,94500.0,94800.0,23103574.0,2204245251690.0,005930,삼성전자
2025-11-21,tweezer_bottom,트위저 바텀,추세 반전형,up,65,비슷한 저점이 이틀 연속 형성,95600.0,96800.0,94500.0,94800.0,23103574.0,2204245251690.0,005930,삼성전자
2025-11-25,single_long_bear,장대 음봉,단일 캔들 패턴,down,75,최근 평균 몸통 대비 큰 음봉,101400.0,101400.0,97800.0,99300.0,16110054.0,1602730841700.0,005930,삼성전자
2025-11-26,single_long_bull,장대 양봉,단일 캔들 패턴,up,75,최근 평균 몸통 대비 큰 양봉,100500.0,102900.0,99300.0,102800.0,21314975.0,2159034953350.0,005930,삼성전자
2025-11-26,railroad_tracks,기찻길형,추세 반전형,neutral,60,비슷한 크기의 반대 방향 장대봉 2개,100500.0,102900.0,99300.0,102800.0,21314975.0,2159034953350.0,005930,삼성전자
2025-11-27,bearish_separating_line,하락 갈림길형,추세 지속형,down,65,같은 시가 부근에서 음봉 전환,104100.0,105500.0,102700.0,103500.0,16453004.0,1713246599050.0,005930,삼성전자
2025-11-27,single_spinning_top,팽이형,단일 캔들 패턴,neutral,65,작은 몸통과 양쪽 꼬리,104100.0,105500.0,102700.0,103500.0,16453004.0,1713246599050.0,005930,삼성전자
2025-11-27,tweezer_top,트위저 탑,추세 반전형,down,65,비슷한 고점이 이틀 연속 형성,104100.0,105500.0,102700.0,103500.0,16453004.0,1713246599050.0,005930,삼성전자
2025-11-28,single_black_marubozu,마루보즈 음봉,단일 캔들 패턴,down,80,꼬리가 거의 없는 강한 음봉,103800.0,103800.0,100500.0,100500.0,15292277.0,1548884266354.0,005930,삼성전자
2025-11-28,single_long_bear,장대 음봉,단일 캔들 패턴,down,75,최근 평균 몸통 대비 큰 음봉,103800.0,103800.0,100500.0,100500.0,15292277.0,1548884266354.0,005930,삼성전자
2025-11-28,bearish_belt_hold,하락 벨트홀드,추세 반전형,down,72,상승 뒤 고가 부근 시가에서 강하게 하락,103800.0,103800.0,100500.0,100500.0,15292277.0,1548884266354.0,005930,삼성전자
2025-11-28,tweezer_bottom,트위저 바텀,추세 반전형,up,65,비슷한 저점이 이틀 연속 형성,103800.0,103800.0,100500.0,100500.0,15292277.0,1548884266354.0,005930,삼성전자
2025-12-01,tweezer_bottom,트위저 바텀,추세 반전형,up,65,비슷한 저점이 이틀 연속 형성,102000.0,102800.0,99900.0,100800.0,10905526.0,1101995992050.0,005930,삼성전자
2025-12-02,bullish_three_line_strike,강세 삼선 반격형,추세 지속형,up,80,3개 양봉 뒤 긴 음봉 반격이 나와도 상승 지속으로 분류,101200.0,103500.0,101000.0,103400.0,13649487.0,1401469615424.0,005930,삼성전자
2025-12-03,bearish_kicker,하락 키커,추세 반전형,down,80,장대 양봉 뒤 하락 갭 장대 음봉,104700.0,105500.0,104000.0,104500.0,14697927.0,1541179456000.0,005930,삼성전자
2025-12-03,rising_window,라이징 윈도우,추세 지속형,up,70,전일 고가 위로 상승 갭 형성,104700.0,105500.0,104000.0,104500.0,14697927.0,1541179456000.0,005930,삼성전자
2025-12-03,single_spinning_top,팽이형,단일 캔들 패턴,neutral,65,작은 몸통과 양쪽 꼬리,104700.0,105500.0,104000.0,104500.0,14697927.0,1541179456000.0,005930,삼성전자
2025-12-03,tweezer_top,트위저 탑,추세 반전형,down,65,비슷한 고점이 이틀 연속 형성,104700.0,105500.0,104000.0,104500.0,14697927.0,1541179456000.0,005930,삼성전자
2025-12-04,bullish_engulfing,상승 장악형,추세 반전형,up,80,음봉 몸통을 다음 양봉이 감쌈,103900.0,105100.0,103200.0,105100.0,11931145.0,1243000736272.0,005930,삼성전자
2025-12-04,bullish_separating_line,상승 갈림길형,추세 지속형,up,65,같은 시가 부근에서 양봉 전환,103900.0,105100.0,103200.0,105100.0,11931145.0,1243000736272.0,005930,삼성전자
2025-12-04,tweezer_bottom,트위저 바텀,추세 반전형,up,65,비슷한 저점이 이틀 연속 형성,103900.0,105100.0,103200.0,105100.0,11931145.0,1243000736272.0,005930,삼성전자
2025-12-05,three_outside_up,쓰리 아웃사이드 업,추세 반전형,up,82,상승 장악형 뒤 추가 상승 확인,105300.0,108400.0,104600.0,108400.0,19755571.0,2110938031640.0,005930,삼성전자
2025-12-05,tweezer_top,트위저 탑,추세 반전형,down,65,비슷한 고점이 이틀 연속 형성,105300.0,108400.0,104600.0,108400.0,19755571.0,2110938031640.0,005930,삼성전자
2025-12-08,single_cross_doji,십자형,단일 캔들 패턴,neutral,70,위아래 꼬리가 있는 십자형 도지,109700.0,110000.0,108000.0,109500.0,15527762.0,1697092217750.0,005930,삼성전자
2025-12-08,single_doji,도지,단일 캔들 패턴,neutral,65,시가와 종가가 거의 같은 균형 캔들,109700.0,110000.0,108000.0,109500.0,15527762.0,1697092217750.0,005930,삼성전자
2025-12-08,single_spinning_top,팽이형,단일 캔들 패턴,neutral,65,작은 몸통과 양쪽 꼬리,109700.0,110000.0,108000.0,109500.0,15527762.0,1697092217750.0,005930,삼성전자
2025-12-08,tweezer_top,트위저 탑,추세 반전형,down,65,비슷한 고점이 이틀 연속 형성,109700.0,110000.0,108000.0,109500.0,15527762.0,1697092217750.0,005930,삼성전자
2025-12-09,tweezer_bottom,트위저 바텀,추세 반전형,up,65,비슷한 저점이 이틀 연속 형성,108900.0,109400.0,107300.0,108400.0,13671800.0,1482781413052.0,005930,삼성전자
2025-12-10,single_spinning_top,팽이형,단일 캔들 패턴,neutral,65,작은 몸통과 양쪽 꼬리,108300.0,109800.0,107400.0,108000.0,12365092.0,1339076683680.0,005930,삼성전자
2025-12-10,tweezer_bottom,트위저 바텀,추세 반전형,up,65,비슷한 저점이 이틀 연속 형성,108300.0,109800.0,107400.0,108000.0,12365092.0,1339076683680.0,005930,삼성전자
2025-12-11,tweezer_bottom,트위저 바텀,추세 반전형,up,65,비슷한 저점이 이틀 연속 형성,109200.0,110500.0,107300.0,107300.0,22994507.0,2490050541672.0,005930,삼성전자
2025-12-12,bullish_piercing,상승 관통형,추세 반전형,up,72,전일 음봉 중간 이상 회복,107100.0,108900.0,106800.0,108900.0,14210314.0,1537684811788.0,005930,삼성전자
2025-12-12,tweezer_bottom,트위저 바텀,추세 반전형,up,65,비슷한 저점이 이틀 연속 형성,107100.0,108900.0,106800.0,108900.0,14210314.0,1537684811788.0,005930,삼성전자
2025-12-12,railroad_tracks,기찻길형,추세 반전형,neutral,60,비슷한 크기의 반대 방향 장대봉 2개,107100.0,108900.0,106800.0,108900.0,14210314.0,1537684811788.0,005930,삼성전자
2025-12-15,falling_window,폴링 윈도우,추세 지속형,down,70,전일 저가 아래로 하락 갭 형성,105300.0,105800.0,104600.0,104800.0,20594654.0,2165419255257.0,005930,삼성전자
2025-12-16,evening_star,석별형,추세 반전형,down,82,"큰 양봉 뒤 작은 몸통, 다음 음봉 이탈",104900.0,105600.0,102700.0,102800.0,18852079.0,1956433462038.0,005930,삼성전자
2025-12-16,three_outside_down,쓰리 아웃사이드 다운,추세 반전형,down,82,하락 장악형 뒤 추가 하락 확인,104900.0,105600.0,102700.0,102800.0,18852079.0,1956433462038.0,005930,삼성전자
2025-12-16,tweezer_bottom,트위저 바텀,추세 반전형,up,65,비슷한 저점이 이틀 연속 형성,104900.0,105600.0,102700.0,102800.0,18852079.0,1956433462038.0,005930,삼성전자
2025-12-17,single_white_marubozu,마루보즈 양봉,단일 캔들 패턴,up,80,꼬리가 거의 없는 강한 양봉,103500.0,108100.0,103400.0,107900.0,22297611.0,2355122133240.0,005930,삼성전자
2025-12-17,single_long_bull,장대 양봉,단일 캔들 패턴,up,75,최근 평균 몸통 대비 큰 양봉,103500.0,108100.0,103400.0,107900.0,22297611.0,2355122133240.0,005930,삼성전자
2025-12-17,railroad_tracks,기찻길형,추세 반전형,neutral,60,비슷한 크기의 반대 방향 장대봉 2개,103500.0,108100.0,103400.0,107900.0,22297611.0,2355122133240.0,005930,삼성전자
2025-12-18,three_outside_up,쓰리 아웃사이드 업,추세 반전형,up,82,상승 장악형 뒤 추가 상승 확인,106400.0,108200.0,105700.0,107600.0,20445631.0,2187289590140.0,005930,삼성전자
2025-12-18,tweezer_top,트위저 탑,추세 반전형,down,65,비슷한 고점이 이틀 연속 형성,106400.0,108200.0,105700.0,107600.0,20445631.0,2187289590140.0,005930,삼성전자
2025-12-19,bearish_engulfing,하락 장악형,추세 반전형,down,80,양봉 몸통을 다음 음봉이 감쌈,109700.0,109700.0,106200.0,106300.0,25917098.0,2775502209243.0,005930,삼성전자
2025-12-19,bearish_three_line_strike,약세 삼선 반격형,추세 지속형,down,80,3개 음봉 뒤 긴 양봉 반격이 나와도 하락 지속으로 분류,109700.0,109700.0,106200.0,106300.0,25917098.0,2775502209243.0,005930,삼성전자
2025-12-19,single_black_marubozu,마루보즈 음봉,단일 캔들 패턴,down,80,꼬리가 거의 없는 강한 음봉,109700.0,109700.0,106200.0,106300.0,25917098.0,2775502209243.0,005930,삼성전자
2025-12-19,single_long_bear,장대 음봉,단일 캔들 패턴,down,75,최근 평균 몸통 대비 큰 음봉,109700.0,109700.0,106200.0,106300.0,25917098.0,2775502209243.0,005930,삼성전자
2025-12-19,bearish_counterattack,하락 반격형,추세 반전형,down,65,상승 후 반대 음봉이 전일 종가 부근까지 밀림,109700.0,109700.0,106200.0,106300.0,25917098.0,2775502209243.0,005930,삼성전자
2025-12-19,tweezer_top,트위저 탑,추세 반전형,down,65,비슷한 고점이 이틀 연속 형성,109700.0,109700.0,106200.0,106300.0,25917098.0,2775502209243.0,005930,삼성전자
2025-12-23,morning_star,샛별형,추세 반전형,up,82,"큰 음봉 뒤 작은 몸통, 다음 양봉 회복",110900.0,112500.0,110400.0,111500.0,20419187.0,2280880376500.0,005930,삼성전자
2025-12-23,three_outside_up,쓰리 아웃사이드 업,추세 반전형,up,82,상승 장악형 뒤 추가 상승 확인,110900.0,112500.0,110400.0,111500.0,20419187.0,2280880376500.0,005930,삼성전자
2025-12-23,tweezer_top,트위저 탑,추세 반전형,down,65,비슷한 고점이 이틀 연속 형성,110900.0,112500.0,110400.0,111500.0,20419187.0,2280880376500.0,005930,삼성전자
2025-12-24,bearish_belt_hold,하락 벨트홀드,추세 반전형,down,72,상승 뒤 고가 부근 시가에서 강하게 하락,112400.0,112400.0,110900.0,111100.0,12492939.0,1392948448100.0,005930,삼성전자
2025-12-24,bearish_dark_cloud,흑운형,추세 반전형,down,72,전일 양봉 중간 아래로 밀림,112400.0,112400.0,110900.0,111100.0,12492939.0,1392948448100.0,005930,삼성전자
2025-12-24,bearish_separating_line,하락 갈림길형,추세 지속형,down,65,같은 시가 부근에서 음봉 전환,112400.0,112400.0,110900.0,111100.0,12492939.0,1392948448100.0,005930,삼성전자
2025-12-24,tweezer_top,트위저 탑,추세 반전형,down,65,비슷한 고점이 이틀 연속 형성,112400.0,112400.0,110900.0,111100.0,12492939.0,1392948448100.0,005930,삼성전자
2025-12-26,single_white_marubozu,마루보즈 양봉,단일 캔들 패턴,up,80,꼬리가 거의 없는 강한 양봉,112400.0,117000.0,112400.0,117000.0,34018174.0,3930507591746.0,005930,삼성전자
2025-12-26,single_long_bull,장대 양봉,단일 캔들 패턴,up,75,최근 평균 몸통 대비 큰 양봉,112400.0,117000.0,112400.0,117000.0,34018174.0,3930507591746.0,005930,삼성전자
2025-12-29,three_outside_up,쓰리 아웃사이드 업,추세 반전형,up,82,상승 장악형 뒤 추가 상승 확인,119400.0,119700.0,118200.0,119500.0,19676004.0,2342292714700.0,005930,삼성전자
2025-12-29,rising_window,라이징 윈도우,추세 지속형,up,70,전일 고가 위로 상승 갭 형성,119400.0,119700.0,118200.0,119500.0,19676004.0,2342292714700.0,005930,삼성전자
2025-12-29,single_cross_doji,십자형,단일 캔들 패턴,neutral,70,위아래 꼬리가 있는 십자형 도지,119400.0,119700.0,118200.0,119500.0,19676004.0,2342292714700.0,005930,삼성전자
2025-12-29,single_doji,도지,단일 캔들 패턴,neutral,65,시가와 종가가 거의 같은 균형 캔들,119400.0,119700.0,118200.0,119500.0,19676004.0,2342292714700.0,005930,삼성전자
2025-12-29,single_spinning_top,팽이형,단일 캔들 패턴,neutral,65,작은 몸통과 양쪽 꼬리,119400.0,119700.0,118200.0,119500.0,19676004.0,2342292714700.0,005930,삼성전자
2025-12-29,tweezer_top,트위저 탑,추세 반전형,down,65,비슷한 고점이 이틀 연속 형성,119400.0,119700.0,118200.0,119500.0,19676004.0,2342292714700.0,005930,삼성전자
2025-12-30,tweezer_top,트위저 탑,추세 반전형,down,65,비슷한 고점이 이틀 연속 형성,119100.0,121200.0,118700.0,119900.0,19746349.0,2375903831735.0,005930,삼성전자
2026-01-02,single_white_marubozu,마루보즈 양봉,단일 캔들 패턴,up,80,꼬리가 거의 없는 강한 양봉,120200.0,128500.0,120200.0,128500.0,30463279.0,3805940517494.0,005930,삼성전자
2026-01-02,single_long_bull,장대 양봉,단일 캔들 패턴,up,75,최근 평균 몸통 대비 큰 양봉,120200.0,128500.0,120200.0,128500.0,30463279.0,3805940517494.0,005930,삼성전자
2026-01-02,tweezer_top,트위저 탑,추세 반전형,down,65,비슷한 고점이 이틀 연속 형성,120200.0,128500.0,120200.0,128500.0,30463279.0,3805940517494.0,005930,삼성전자
2026-01-05,rising_window,라이징 윈도우,추세 지속형,up,70,전일 고가 위로 상승 갭 형성,134600.0,138600.0,133600.0,138100.0,42863376.0,5837009498150.0,005930,삼성전자
2026-01-05,tweezer_top,트위저 탑,추세 반전형,down,65,비슷한 고점이 이틀 연속 형성,134600.0,138600.0,133600.0,138100.0,42863376.0,5837009498150.0,005930,삼성전자
2026-01-06,three_white_soldiers,적삼병,추세 지속형,up,85,연속 3개 강한 양봉,135300.0,139300.0,132700.0,138900.0,45321341.0,6156416508326.0,005930,삼성전자
2026-01-06,tweezer_top,트위저 탑,추세 반전형,down,65,비슷한 고점이 이틀 연속 형성,135300.0,139300.0,132700.0,138900.0,45321341.0,6156416508326.0,005930,삼성전자
2026-01-07,tweezer_top,트위저 탑,추세 반전형,down,65,비슷한 고점이 이틀 연속 형성,143500.0,144400.0,137600.0,141000.0,46317413.0,6545096281338.0,005930,삼성전자
2026-01-08,reversal_shooting_star,유성형,추세 반전형,down,70,상승 흐름 뒤 긴 위꼬리,138300.0,144500.0,138300.0,138800.0,41449329.0,5840279078975.0,005930,삼성전자
2026-01-08,single_gravestone_doji,비석형 도지,단일 캔들 패턴,down,70,긴 위꼬리 도지,138300.0,144500.0,138300.0,138800.0,41449329.0,5840279078975.0,005930,삼성전자
2026-01-08,single_doji,도지,단일 캔들 패턴,neutral,65,시가와 종가가 거의 같은 균형 캔들,138300.0,144500.0,138300.0,138800.0,41449329.0,5840279078975.0,005930,삼성전자
2026-01-12,bearish_counterattack,하락 반격형,추세 반전형,down,65,상승 후 반대 음봉이 전일 종가 부근까지 밀림,141000.0,142000.0,136900.0,138800.0,26271134.0,3666689780452.0,005930,삼성전자
2026-01-12,bearish_separating_line,하락 갈림길형,추세 지속형,down,65,같은 시가 부근에서 음봉 전환,141000.0,142000.0,136900.0,138800.0,26271134.0,3666689780452.0,005930,삼성전자
2026-01-12,tweezer_top,트위저 탑,추세 반전형,down,65,비슷한 고점이 이틀 연속 형성,141000.0,142000.0,136900.0,138800.0,26271134.0,3666689780452.0,005930,삼성전자
2026-01-13,tweezer_bottom,트위저 바텀,추세 반전형,up,65,비슷한 저점이 이틀 연속 형성,139800.0,140200.0,136900.0,137600.0,22384699.0,3095245609050.0,005930,삼성전자
2026-01-14,three_inside_up,쓰리 인사이드 업,추세 반전형,up,82,상승 잉태형 뒤 확인 양봉,137000.0,140300.0,136800.0,140300.0,18444394.0,2569043127288.0,005930,삼성전자
2026-01-14,bullish_engulfing,상승 장악형,추세 반전형,up,80,음봉 몸통을 다음 양봉이 감쌈,137000.0,140300.0,136800.0,140300.0,18444394.0,2569043127288.0,005930,삼성전자
2026-01-14,bullish_three_line_strike,강세 삼선 반격형,추세 지속형,up,80,3개 양봉 뒤 긴 음봉 반격이 나와도 상승 지속으로 분류,137000.0,140300.0,136800.0,140300.0,18444394.0,2569043127288.0,005930,삼성전자
2026-01-14,tweezer_bottom,트위저 바텀,추세 반전형,up,65,비슷한 저점이 이틀 연속 형성,137000.0,140300.0,136800.0,140300.0,18444394.0,2569043127288.0,005930,삼성전자
2026-01-15,three_outside_up,쓰리 아웃사이드 업,추세 반전형,up,82,상승 장악형 뒤 추가 상승 확인,139000.0,144000.0,138300.0,143900.0,24701126.0,3498249940400.0,005930,삼성전자
2026-01-15,tweezer_top,트위저 탑,추세 반전형,down,65,비슷한 고점이 이틀 연속 형성,139000.0,144000.0,138300.0,143900.0,24701126.0,3498249940400.0,005930,삼성전자
2026-01-16,three_white_soldiers,적삼병,추세 지속형,up,85,연속 3개 강한 양봉,145300.0,149500.0,144300.0,148900.0,30000219.0,4435943361334.0,005930,삼성전자
2026-01-16,rising_window,라이징 윈도우,추세 지속형,up,70,전일 고가 위로 상승 갭 형성,145300.0,149500.0,144300.0,148900.0,30000219.0,4435943361334.0,005930,삼성전자
2026-01-16,tweezer_top,트위저 탑,추세 반전형,down,65,비슷한 고점이 이틀 연속 형성,145300.0,149500.0,144300.0,148900.0,30000219.0,4435943361334.0,005930,삼성전자
2026-01-19,tweezer_top,트위저 탑,추세 반전형,down,65,비슷한 고점이 이틀 연속 형성,147200.0,150600.0,146600.0,149300.0,22762497.0,3381546209135.0,005930,삼성전자
2026-01-21,bullish_engulfing,상승 장악형,추세 반전형,up,80,음봉 몸통을 다음 양봉이 감쌈,141900.0,149800.0,141800.0,149500.0,31703610.0,4679612359030.0,005930,삼성전자
2026-01-21,single_white_marubozu,마루보즈 양봉,단일 캔들 패턴,up,80,꼬리가 거의 없는 강한 양봉,141900.0,149800.0,141800.0,149500.0,31703610.0,4679612359030.0,005930,삼성전자
2026-01-21,single_long_bull,장대 양봉,단일 캔들 패턴,up,75,최근 평균 몸통 대비 큰 양봉,141900.0,149800.0,141800.0,149500.0,31703610.0,4679612359030.0,005930,삼성전자
2026-01-21,tweezer_bottom,트위저 바텀,추세 반전형,up,65,비슷한 저점이 이틀 연속 형성,141900.0,149800.0,141800.0,149500.0,31703610.0,4679612359030.0,005930,삼성전자
2026-01-21,railroad_tracks,기찻길형,추세 반전형,neutral,60,비슷한 크기의 반대 방향 장대봉 2개,141900.0,149800.0,141800.0,149500.0,31703610.0,4679612359030.0,005930,삼성전자
2026-01-22,bearish_kicker,하락 키커,추세 반전형,down,80,장대 양봉 뒤 하락 갭 장대 음봉,155000.0,157000.0,150800.0,152300.0,32073624.0,4953546934392.0,005930,삼성전자
2026-01-22,rising_window,라이징 윈도우,추세 지속형,up,70,전일 고가 위로 상승 갭 형성,155000.0,157000.0,150800.0,152300.0,32073624.0,4953546934392.0,005930,삼성전자
2026-01-22,tweezer_top,트위저 탑,추세 반전형,down,65,비슷한 고점이 이틀 연속 형성,155000.0,157000.0,150800.0,152300.0,32073624.0,4953546934392.0,005930,삼성전자
2026-01-23,tweezer_bottom,트위저 바텀,추세 반전형,up,65,비슷한 저점이 이틀 연속 형성,154700.0,156000.0,150100.0,152100.0,25407497.0,3899973965409.0,005930,삼성전자
2026-01-27,three_inside_up,쓰리 인사이드 업,추세 반전형,up,82,상승 잉태형 뒤 확인 양봉,150500.0,159500.0,149200.0,159500.0,29423670.0,4565457606491.0,005930,삼성전자
2026-01-27,bullish_engulfing,상승 장악형,추세 반전형,up,80,음봉 몸통을 다음 양봉이 감쌈,150500.0,159500.0,149200.0,159500.0,29423670.0,4565457606491.0,005930,삼성전자
2026-01-27,single_long_bull,장대 양봉,단일 캔들 패턴,up,75,최근 평균 몸통 대비 큰 양봉,150500.0,159500.0,149200.0,159500.0,29423670.0,4565457606491.0,005930,삼성전자
2026-01-27,tweezer_bottom,트위저 바텀,추세 반전형,up,65,비슷한 저점이 이틀 연속 형성,150500.0,159500.0,149200.0,159500.0,29423670.0,4565457606491.0,005930,삼성전자
2026-01-28,bearish_kicker,하락 키커,추세 반전형,down,80,장대 양봉 뒤 하락 갭 장대 음봉,162600.0,163300.0,160200.0,162400.0,29456431.0,4772986696538.0,005930,삼성전자
2026-01-28,rising_window,라이징 윈도우,추세 지속형,up,70,전일 고가 위로 상승 갭 형성,162600.0,163300.0,160200.0,162400.0,29456431.0,4772986696538.0,005930,삼성전자
2026-01-28,single_cross_doji,십자형,단일 캔들 패턴,neutral,70,위아래 꼬리가 있는 십자형 도지,162600.0,163300.0,160200.0,162400.0,29456431.0,4772986696538.0,005930,삼성전자
2026-01-28,single_doji,도지,단일 캔들 패턴,neutral,65,시가와 종가가 거의 같은 균형 캔들,162600.0,163300.0,160200.0,162400.0,29456431.0,4772986696538.0,005930,삼성전자
2026-01-28,single_spinning_top,팽이형,단일 캔들 패턴,neutral,65,작은 몸통과 양쪽 꼬리,162600.0,163300.0,160200.0,162400.0,29456431.0,4772986696538.0,005930,삼성전자
2026-01-28,tweezer_top,트위저 탑,추세 반전형,down,65,비슷한 고점이 이틀 연속 형성,162600.0,163300.0,160200.0,162400.0,29456431.0,4772986696538.0,005930,삼성전자
2026-01-29,tweezer_bottom,트위저 바텀,추세 반전형,up,65,비슷한 저점이 이틀 연속 형성,166200.0,166600.0,157100.0,160700.0,36087223.0,5826870231490.0,005930,삼성전자
2026-01-30,reversal_shooting_star,유성형,추세 반전형,down,70,상승 흐름 뒤 긴 위꼬리,160100.0,166500.0,160100.0,160500.0,40557267.0,6593450199492.0,005930,삼성전자
2026-01-30,single_gravestone_doji,비석형 도지,단일 캔들 패턴,down,70,긴 위꼬리 도지,160100.0,166500.0,160100.0,160500.0,40557267.0,6593450199492.0,005930,삼성전자
2026-01-30,bullish_counterattack,상승 반격형,추세 반전형,up,65,하락 후 반대 양봉이 전일 종가 부근 회복,160100.0,166500.0,160100.0,160500.0,40557267.0,6593450199492.0,005930,삼성전자
2026-01-30,bullish_separating_line,상승 갈림길형,추세 지속형,up,65,같은 시가 부근에서 양봉 전환,160100.0,166500.0,160100.0,160500.0,40557267.0,6593450199492.0,005930,삼성전자
2026-01-30,single_doji,도지,단일 캔들 패턴,neutral,65,시가와 종가가 거의 같은 균형 캔들,160100.0,166500.0,160100.0,160500.0,40557267.0,6593450199492.0,005930,삼성전자
2026-02-02,falling_window,폴링 윈도우,추세 지속형,down,70,전일 저가 아래로 하락 갭 형성,155700.0,159600.0,150400.0,150400.0,39748369.0,6135993983450.0,005930,삼성전자
2026-02-03,single_long_bull,장대 양봉,단일 캔들 패턴,up,75,최근 평균 몸통 대비 큰 양봉,157900.0,167500.0,157200.0,167500.0,36529813.0,5927187709457.0,005930,삼성전자
2026-02-03,railroad_tracks,기찻길형,추세 반전형,neutral,60,비슷한 크기의 반대 방향 장대봉 2개,157900.0,167500.0,157200.0,167500.0,36529813.0,5927187709457.0,005930,삼성전자
2026-02-04,three_outside_up,쓰리 아웃사이드 업,추세 반전형,up,82,상승 장악형 뒤 추가 상승 확인,163500.0,169400.0,163100.0,169100.0,29943042.0,4988144010160.0,005930,삼성전자
2026-02-04,tweezer_top,트위저 탑,추세 반전형,down,65,비슷한 고점이 이틀 연속 형성,163500.0,169400.0,163100.0,169100.0,29943042.0,4988144010160.0,005930,삼성전자
2026-02-05,bearish_three_line_strike,약세 삼선 반격형,추세 지속형,down,80,3개 음봉 뒤 긴 양봉 반격이 나와도 하락 지속으로 분류,162000.0,164000.0,158500.0,159300.0,38435228.0,6197185062736.0,005930,삼성전자
2026-02-06,bullish_separating_line,상승 갈림길형,추세 지속형,up,65,같은 시가 부근에서 양봉 전환,154100.0,160300.0,151600.0,158600.0,36358081.0,5664674804196.0,005930,삼성전자
2026-02-06,tweezer_bottom,트위저 바텀,추세 반전형,up,65,비슷한 저점이 이틀 연속 형성,154100.0,160300.0,151600.0,158600.0,36358081.0,5664674804196.0,005930,삼성전자
2026-02-09,bearish_kicker,하락 키커,추세 반전형,down,80,장대 양봉 뒤 하락 갭 장대 음봉,168600.0,168700.0,165000.0,166400.0,25098971.0,4192595399422.0,005930,삼성전자
2026-02-09,rising_window,라이징 윈도우,추세 지속형,up,70,전일 고가 위로 상승 갭 형성,168600.0,168700.0,165000.0,166400.0,25098971.0,4192595399422.0,005930,삼성전자
2026-02-09,tweezer_top,트위저 탑,추세 반전형,down,65,비슷한 고점이 이틀 연속 형성,168600.0,168700.0,165000.0,166400.0,25098971.0,4192595399422.0,005930,삼성전자
2026-02-11,three_inside_up,쓰리 인사이드 업,추세 반전형,up,82,상승 잉태형 뒤 확인 양봉,164000.0,168600.0,162000.0,167800.0,22760242.0,3780778982422.0,005930,삼성전자
2026-02-11,bullish_engulfing,상승 장악형,추세 반전형,up,80,음봉 몸통을 다음 양봉이 감쌈,164000.0,168600.0,162000.0,167800.0,22760242.0,3780778982422.0,005930,삼성전자
2026-02-11,bullish_three_line_strike,강세 삼선 반격형,추세 지속형,up,80,3개 양봉 뒤 긴 음봉 반격이 나와도 상승 지속으로 분류,164000.0,168600.0,162000.0,167800.0,22760242.0,3780778982422.0,005930,삼성전자
2026-02-11,mat_hold,매트 홀드,추세 지속형,up,78,상승 갭 뒤 짧은 조정 후 재상승,164000.0,168600.0,162000.0,167800.0,22760242.0,3780778982422.0,005930,삼성전자
2026-02-11,tweezer_bottom,트위저 바텀,추세 반전형,up,65,비슷한 저점이 이틀 연속 형성,164000.0,168600.0,162000.0,167800.0,22760242.0,3780778982422.0,005930,삼성전자
2026-02-12,three_outside_up,쓰리 아웃사이드 업,추세 반전형,up,82,상승 장악형 뒤 추가 상승 확인,171200.0,179600.0,170100.0,178600.0,41296011.0,7278300418200.0,005930,삼성전자
2026-02-12,rising_window,라이징 윈도우,추세 지속형,up,70,전일 고가 위로 상승 갭 형성,171200.0,179600.0,170100.0,178600.0,41296011.0,7278300418200.0,005930,삼성전자
2026-02-12,tweezer_top,트위저 탑,추세 반전형,down,65,비슷한 고점이 이틀 연속 형성,171200.0,179600.0,170100.0,178600.0,41296011.0,7278300418200.0,005930,삼성전자
2026-02-13,tweezer_top,트위저 탑,추세 반전형,down,65,비슷한 고점이 이틀 연속 형성,179500.0,184400.0,178900.0,181200.0,34454192.0,6257951155967.0,005930,삼성전자
2026-02-19,rising_window,라이징 윈도우,추세 지속형,up,70,전일 고가 위로 상승 갭 형성,188000.0,190900.0,187100.0,190000.0,27049388.0,5113213353551.0,005930,삼성전자
2026-02-19,tweezer_top,트위저 탑,추세 반전형,down,65,비슷한 고점이 이틀 연속 형성,188000.0,190900.0,187100.0,190000.0,27049388.0,5113213353551.0,005930,삼성전자
2026-02-20,single_cross_doji,십자형,단일 캔들 패턴,neutral,70,위아래 꼬리가 있는 십자형 도지,190000.0,190300.0,188600.0,190100.0,24213880.0,4591033033030.0,005930,삼성전자
2026-02-20,single_doji,도지,단일 캔들 패턴,neutral,65,시가와 종가가 거의 같은 균형 캔들,190000.0,190300.0,188600.0,190100.0,24213880.0,4591033033030.0,005930,삼성전자
2026-02-20,single_spinning_top,팽이형,단일 캔들 패턴,neutral,65,작은 몸통과 양쪽 꼬리,190000.0,190300.0,188600.0,190100.0,24213880.0,4591033033030.0,005930,삼성전자
2026-02-23,bearish_kicker,하락 키커,추세 반전형,down,80,장대 양봉 뒤 하락 갭 장대 음봉,194400.0,197600.0,190500.0,193000.0,26364684.0,5107749420482.0,005930,삼성전자
2026-02-23,rising_window,라이징 윈도우,추세 지속형,up,70,전일 고가 위로 상승 갭 형성,194400.0,197600.0,190500.0,193000.0,26364684.0,5107749420482.0,005930,삼성전자
2026-02-23,single_high_wave,하이웨이브 캔들,단일 캔들 패턴,neutral,65,작은 몸통과 긴 위아래 꼬리로 변동성 확대,194400.0,197600.0,190500.0,193000.0,26364684.0,5107749420482.0,005930,삼성전자
2026-02-23,single_spinning_top,팽이형,단일 캔들 패턴,neutral,65,작은 몸통과 양쪽 꼬리,194400.0,197600.0,190500.0,193000.0,26364684.0,5107749420482.0,005930,삼성전자
2026-02-23,tweezer_top,트위저 탑,추세 반전형,down,65,비슷한 고점이 이틀 연속 형성,194400.0,197600.0,190500.0,193000.0,26364684.0,5107749420482.0,005930,삼성전자
2026-02-24,bullish_engulfing,상승 장악형,추세 반전형,up,80,음봉 몸통을 다음 양봉이 감쌈,193000.0,200000.0,192000.0,200000.0,28060617.0,5538097526208.0,005930,삼성전자
2026-02-24,single_long_bull,장대 양봉,단일 캔들 패턴,up,75,최근 평균 몸통 대비 큰 양봉,193000.0,200000.0,192000.0,200000.0,28060617.0,5538097526208.0,005930,삼성전자
2026-02-25,three_outside_up,쓰리 아웃사이드 업,추세 반전형,up,82,상승 장악형 뒤 추가 상승 확인,202500.0,206000.0,201000.0,203500.0,26987996.0,5474225346566.0,005930,삼성전자
2026-02-25,rising_window,라이징 윈도우,추세 지속형,up,70,전일 고가 위로 상승 갭 형성,202500.0,206000.0,201000.0,203500.0,26987996.0,5474225346566.0,005930,삼성전자
2026-02-25,single_spinning_top,팽이형,단일 캔들 패턴,neutral,65,작은 몸통과 양쪽 꼬리,202500.0,206000.0,201000.0,203500.0,26987996.0,5474225346566.0,005930,삼성전자
2026-02-25,tweezer_top,트위저 탑,추세 반전형,down,65,비슷한 고점이 이틀 연속 형성,202500.0,206000.0,201000.0,203500.0,26987996.0,5474225346566.0,005930,삼성전자
2026-02-26,single_long_bull,장대 양봉,단일 캔들 패턴,up,75,최근 평균 몸통 대비 큰 양봉,206500.0,219000.0,206000.0,218000.0,30095763.0,6451865963088.0,005930,삼성전자
2026-02-26,tweezer_top,트위저 탑,추세 반전형,down,65,비슷한 고점이 이틀 연속 형성,206500.0,219000.0,206000.0,218000.0,30095763.0,6451865963088.0,005930,삼성전자
2026-02-27,tweezer_top,트위저 탑,추세 반전형,down,65,비슷한 고점이 이틀 연속 형성,210000.0,223000.0,210000.0,216500.0,51774768.0,11194972800735.0,005930,삼성전자
2026-03-03,single_long_bear,장대 음봉,단일 캔들 패턴,down,75,최근 평균 몸통 대비 큰 음봉,209500.0,212500.0,195100.0,195100.0,54879010.0,11170451485750.0,005930,삼성전자
2026-03-03,railroad_tracks,기찻길형,추세 반전형,neutral,60,비슷한 크기의 반대 방향 장대봉 2개,209500.0,212500.0,195100.0,195100.0,54879010.0,11170451485750.0,005930,삼성전자
2026-03-04,three_outside_down,쓰리 아웃사이드 다운,추세 반전형,down,82,하락 장악형 뒤 추가 하락 확인,184200.0,195900.0,171900.0,172200.0,89427954.0,16229744915194.0,005930,삼성전자
2026-03-04,single_long_bear,장대 음봉,단일 캔들 패턴,down,75,최근 평균 몸통 대비 큰 음봉,184200.0,195900.0,171900.0,172200.0,89427954.0,16229744915194.0,005930,삼성전자
2026-03-04,tweezer_bottom,트위저 바텀,추세 반전형,up,65,비슷한 저점이 이틀 연속 형성,184200.0,195900.0,171900.0,172200.0,89427954.0,16229744915194.0,005930,삼성전자
2026-03-05,single_spinning_top,팽이형,단일 캔들 패턴,neutral,65,작은 몸통과 양쪽 꼬리,195000.0,199700.0,188100.0,191600.0,53959129.0,10462445865266.0,005930,삼성전자
2026-03-06,tweezer_bottom,트위저 바텀,추세 반전형,up,65,비슷한 저점이 이틀 연속 형성,186100.0,189700.0,181000.0,188200.0,29522650.0,5496089060945.0,005930,삼성전자
2026-03-09,falling_window,폴링 윈도우,추세 지속형,down,70,전일 저가 아래로 하락 갭 형성,173500.0,175500.0,167300.0,173500.0,43066020.0,7376525851300.0,005930,삼성전자
2026-03-09,single_cross_doji,십자형,단일 캔들 패턴,neutral,70,위아래 꼬리가 있는 십자형 도지,173500.0,175500.0,167300.0,173500.0,43066020.0,7376525851300.0,005930,삼성전자
2026-03-09,single_doji,도지,단일 캔들 패턴,neutral,65,시가와 종가가 거의 같은 균형 캔들,173500.0,175500.0,167300.0,173500.0,43066020.0,7376525851300.0,005930,삼성전자
2026-03-09,single_spinning_top,팽이형,단일 캔들 패턴,neutral,65,작은 몸통과 양쪽 꼬리,173500.0,175500.0,167300.0,173500.0,43066020.0,7376525851300.0,005930,삼성전자
2026-03-10,rising_window,라이징 윈도우,추세 지속형,up,70,전일 고가 위로 상승 갭 형성,187600.0,191500.0,184300.0,187900.0,33530170.0,6302732324178.0,005930,삼성전자
2026-03-10,single_cross_doji,십자형,단일 캔들 패턴,neutral,70,위아래 꼬리가 있는 십자형 도지,187600.0,191500.0,184300.0,187900.0,33530170.0,6302732324178.0,005930,삼성전자
2026-03-10,single_long_legged_doji,롱레그드 도지,단일 캔들 패턴,neutral,70,긴 위아래 꼬리를 가진 도지,187600.0,191500.0,184300.0,187900.0,33530170.0,6302732324178.0,005930,삼성전자
2026-03-10,single_doji,도지,단일 캔들 패턴,neutral,65,시가와 종가가 거의 같은 균형 캔들,187600.0,191500.0,184300.0,187900.0,33530170.0,6302732324178.0,005930,삼성전자
2026-03-10,single_high_wave,하이웨이브 캔들,단일 캔들 패턴,neutral,65,작은 몸통과 긴 위아래 꼬리로 변동성 확대,187600.0,191500.0,184300.0,187900.0,33530170.0,6302732324178.0,005930,삼성전자
2026-03-10,single_spinning_top,팽이형,단일 캔들 패턴,neutral,65,작은 몸통과 양쪽 꼬리,187600.0,191500.0,184300.0,187900.0,33530170.0,6302732324178.0,005930,삼성전자
2026-03-11,tweezer_top,트위저 탑,추세 반전형,down,65,비슷한 고점이 이틀 연속 형성,193000.0,194800.0,187700.0,190000.0,24311356.0,4666941226006.0,005930,삼성전자
2026-03-12,tweezer_bottom,트위저 바텀,추세 반전형,up,65,비슷한 저점이 이틀 연속 형성,186600.0,190000.0,185900.0,187900.0,20440753.0,3832551376350.0,005930,삼성전자
2026-03-16,tweezer_top,트위저 탑,추세 반전형,down,65,비슷한 고점이 이틀 연속 형성,184600.0,189000.0,183600.0,188700.0,19747901.0,3683740429900.0,005930,삼성전자
2026-03-17,bearish_kicker,하락 키커,추세 반전형,down,80,장대 양봉 뒤 하락 갭 장대 음봉,198000.0,198000.0,193100.0,193900.0,20300082.0,3978920227090.0,005930,삼성전자
2026-03-17,bearish_belt_hold,하락 벨트홀드,추세 반전형,down,72,상승 뒤 고가 부근 시가에서 강하게 하락,198000.0,198000.0,193100.0,193900.0,20300082.0,3978920227090.0,005930,삼성전자
2026-03-17,rising_window,라이징 윈도우,추세 지속형,up,70,전일 고가 위로 상승 갭 형성,198000.0,198000.0,193100.0,193900.0,20300082.0,3978920227090.0,005930,삼성전자
2026-03-17,tweezer_top,트위저 탑,추세 반전형,down,65,비슷한 고점이 이틀 연속 형성,198000.0,198000.0,193100.0,193900.0,20300082.0,3978920227090.0,005930,삼성전자
2026-03-17,railroad_tracks,기찻길형,추세 반전형,neutral,60,비슷한 크기의 반대 방향 장대봉 2개,198000.0,198000.0,193100.0,193900.0,20300082.0,3978920227090.0,005930,삼성전자
2026-03-18,single_long_bull,장대 양봉,단일 캔들 패턴,up,75,최근 평균 몸통 대비 큰 양봉,200500.0,209000.0,199700.0,208500.0,25148481.0,5153010769813.0,005930,삼성전자
2026-03-18,rising_window,라이징 윈도우,추세 지속형,up,70,전일 고가 위로 상승 갭 형성,200500.0,209000.0,199700.0,208500.0,25148481.0,5153010769813.0,005930,삼성전자
2026-03-18,railroad_tracks,기찻길형,추세 반전형,neutral,60,비슷한 크기의 반대 방향 장대봉 2개,200500.0,209000.0,199700.0,208500.0,25148481.0,5153010769813.0,005930,삼성전자
2026-03-19,three_outside_up,쓰리 아웃사이드 업,추세 반전형,up,82,상승 장악형 뒤 추가 상승 확인,199900.0,205000.0,199600.0,200500.0,19884483.0,4004086336015.0,005930,삼성전자
2026-03-19,reversal_shooting_star,유성형,추세 반전형,down,70,상승 흐름 뒤 긴 위꼬리,199900.0,205000.0,199600.0,200500.0,19884483.0,4004086336015.0,005930,삼성전자
2026-03-20,evening_star,석별형,추세 반전형,down,82,"큰 양봉 뒤 작은 몸통, 다음 음봉 이탈",202000.0,202500.0,199000.0,199400.0,35279762.0,7019725077866.0,005930,삼성전자
2026-03-20,three_inside_down,쓰리 인사이드 다운,추세 반전형,down,82,하락 잉태형 뒤 확인 음봉,202000.0,202500.0,199000.0,199400.0,35279762.0,7019725077866.0,005930,삼성전자
2026-03-20,bearish_engulfing,하락 장악형,추세 반전형,down,80,양봉 몸통을 다음 음봉이 감쌈,202000.0,202500.0,199000.0,199400.0,35279762.0,7019725077866.0,005930,삼성전자
2026-03-20,bearish_counterattack,하락 반격형,추세 반전형,down,65,상승 후 반대 음봉이 전일 종가 부근까지 밀림,202000.0,202500.0,199000.0,199400.0,35279762.0,7019725077866.0,005930,삼성전자
2026-03-20,bearish_separating_line,하락 갈림길형,추세 지속형,down,65,같은 시가 부근에서 음봉 전환,202000.0,202500.0,199000.0,199400.0,35279762.0,7019725077866.0,005930,삼성전자
2026-03-23,three_outside_down,쓰리 아웃사이드 다운,추세 반전형,down,82,하락 장악형 뒤 추가 하락 확인,190500.0,191200.0,186300.0,186300.0,30268173.0,5706605720650.0,005930,삼성전자
2026-03-23,falling_window,폴링 윈도우,추세 지속형,down,70,전일 저가 아래로 하락 갭 형성,190500.0,191200.0,186300.0,186300.0,30268173.0,5706605720650.0,005930,삼성전자
2026-03-23,tweezer_bottom,트위저 바텀,추세 반전형,up,65,비슷한 저점이 이틀 연속 형성,190500.0,191200.0,186300.0,186300.0,30268173.0,5706605720650.0,005930,삼성전자
2026-03-24,tweezer_bottom,트위저 바텀,추세 반전형,up,65,비슷한 저점이 이틀 연속 형성,195500.0,196000.0,185500.0,189700.0,25458914.0,4835356609343.0,005930,삼성전자
2026-03-26,three_black_crows,흑삼병,추세 지속형,down,85,연속 3개 강한 음봉,185500.0,185900.0,178900.0,180100.0,32074131.0,5841688287442.0,005930,삼성전자
2026-03-26,falling_window,폴링 윈도우,추세 지속형,down,70,전일 저가 아래로 하락 갭 형성,185500.0,185900.0,178900.0,180100.0,32074131.0,5841688287442.0,005930,삼성전자
2026-03-26,tweezer_bottom,트위저 바텀,추세 반전형,up,65,비슷한 저점이 이틀 연속 형성,185500.0,185900.0,178900.0,180100.0,32074131.0,5841688287442.0,005930,삼성전자
2026-03-27,bullish_belt_hold,상승 벨트홀드,추세 반전형,up,72,하락 뒤 저가 부근 시가에서 강하게 상승,172100.0,181700.0,172000.0,179700.0,29138966.0,5118700219500.0,005930,삼성전자
2026-03-27,bullish_counterattack,상승 반격형,추세 반전형,up,65,하락 후 반대 양봉이 전일 종가 부근 회복,172100.0,181700.0,172000.0,179700.0,29138966.0,5118700219500.0,005930,삼성전자
2026-03-27,bullish_separating_line,상승 갈림길형,추세 지속형,up,65,같은 시가 부근에서 양봉 전환,172100.0,181700.0,172000.0,179700.0,29138966.0,5118700219500.0,005930,삼성전자
2026-03-27,tweezer_bottom,트위저 바텀,추세 반전형,up,65,비슷한 저점이 이틀 연속 형성,172100.0,181700.0,172000.0,179700.0,29138966.0,5118700219500.0,005930,삼성전자
2026-03-27,railroad_tracks,기찻길형,추세 반전형,neutral,60,비슷한 크기의 반대 방향 장대봉 2개,172100.0,181700.0,172000.0,179700.0,29138966.0,5118700219500.0,005930,삼성전자
2026-03-30,bullish_belt_hold,상승 벨트홀드,추세 반전형,up,72,하락 뒤 저가 부근 시가에서 강하게 상승,171000.0,176650.0,170600.0,176300.0,22269147.0,3880271308850.0,005930,삼성전자
2026-04-01,single_long_bull,장대 양봉,단일 캔들 패턴,up,75,최근 평균 몸통 대비 큰 양봉,179000.0,190800.0,178000.0,189600.0,32390251.0,5977939247100.0,005930,삼성전자
2026-04-01,rising_window,라이징 윈도우,추세 지속형,up,70,전일 고가 위로 상승 갭 형성,179000.0,190800.0,178000.0,189600.0,32390251.0,5977939247100.0,005930,삼성전자
2026-04-02,bearish_engulfing,하락 장악형,추세 반전형,down,80,양봉 몸통을 다음 음봉이 감쌈,192600.0,193600.0,175000.0,178400.0,38615231.0,7050417527620.0,005930,삼성전자
2026-04-02,single_long_bear,장대 음봉,단일 캔들 패턴,down,75,최근 평균 몸통 대비 큰 음봉,192600.0,193600.0,175000.0,178400.0,38615231.0,7050417527620.0,005930,삼성전자
2026-04-02,bearish_counterattack,하락 반격형,추세 반전형,down,65,상승 후 반대 음봉이 전일 종가 부근까지 밀림,192600.0,193600.0,175000.0,178400.0,38615231.0,7050417527620.0,005930,삼성전자
2026-04-02,tweezer_top,트위저 탑,추세 반전형,down,65,비슷한 고점이 이틀 연속 형성,192600.0,193600.0,175000.0,178400.0,38615231.0,7050417527620.0,005930,삼성전자
2026-04-02,railroad_tracks,기찻길형,추세 반전형,neutral,60,비슷한 크기의 반대 방향 장대봉 2개,192600.0,193600.0,175000.0,178400.0,38615231.0,7050417527620.0,005930,삼성전자
2026-04-03,bullish_piercing,상승 관통형,추세 반전형,up,72,전일 음봉 중간 이상 회복,184200.0,187200.0,182700.0,186200.0,20194447.0,3744696012200.0,005930,삼성전자
2026-04-03,bullish_harami,상승 잉태형,추세 반전형,up,70,하락 흐름의 큰 음봉 안에 작은 양봉,184200.0,187200.0,182700.0,186200.0,20194447.0,3744696012200.0,005930,삼성전자
2026-04-03,bullish_counterattack,상승 반격형,추세 반전형,up,65,하락 후 반대 양봉이 전일 종가 부근 회복,184200.0,187200.0,182700.0,186200.0,20194447.0,3744696012200.0,005930,삼성전자
2026-04-06,rising_window,라이징 윈도우,추세 지속형,up,70,전일 고가 위로 상승 갭 형성,190900.0,194600.0,190100.0,193100.0,20635958.0,3971740401300.0,005930,삼성전자
2026-04-06,tweezer_top,트위저 탑,추세 반전형,down,65,비슷한 고점이 이틀 연속 형성,190900.0,194600.0,190100.0,193100.0,20635958.0,3971740401300.0,005930,삼성전자
2026-04-07,tweezer_top,트위저 탑,추세 반전형,down,65,비슷한 고점이 이틀 연속 형성,202000.0,202500.0,192400.0,196500.0,30848053.0,6062043969600.0,005930,삼성전자
2026-04-08,rising_window,라이징 윈도우,추세 지속형,up,70,전일 고가 위로 상승 갭 형성,214000.0,214500.0,207500.0,210500.0,35890973.0,7567915158059.0,005930,삼성전자
2026-04-09,tweezer_bottom,트위저 바텀,추세 반전형,up,65,비슷한 저점이 이틀 연속 형성,207000.0,207500.0,202000.0,204000.0,42320839.0,8664954406350.0,005930,삼성전자
2026-04-13,bullish_kicker,상승 키커,추세 반전형,up,80,장대 음봉 뒤 상승 갭 장대 양봉,198200.0,203000.0,198200.0,201000.0,19603415.0,3939228226208.0,005930,삼성전자
2026-04-13,falling_window,폴링 윈도우,추세 지속형,down,70,전일 저가 아래로 하락 갭 형성,198200.0,203000.0,198200.0,201000.0,19603415.0,3939228226208.0,005930,삼성전자
2026-04-13,tweezer_bottom,트위저 바텀,추세 반전형,up,65,비슷한 저점이 이틀 연속 형성,198200.0,203000.0,198200.0,201000.0,19603415.0,3939228226208.0,005930,삼성전자
2026-04-14,bearish_kicker,하락 키커,추세 반전형,down,80,장대 양봉 뒤 하락 갭 장대 음봉,208000.0,210000.0,205500.0,206500.0,23672078.0,4923089307450.0,005930,삼성전자
2026-04-14,rising_window,라이징 윈도우,추세 지속형,up,70,전일 고가 위로 상승 갭 형성,208000.0,210000.0,205500.0,206500.0,23672078.0,4923089307450.0,005930,삼성전자
2026-04-14,tweezer_top,트위저 탑,추세 반전형,down,65,비슷한 고점이 이틀 연속 형성,208000.0,210000.0,205500.0,206500.0,23672078.0,4923089307450.0,005930,삼성전자
2026-04-16,tweezer_bottom,트위저 바텀,추세 반전형,up,65,비슷한 저점이 이틀 연속 형성,212000.0,218000.0,210500.0,217500.0,21499788.0,4636535996750.0,005930,삼성전자
2026-04-16,railroad_tracks,기찻길형,추세 반전형,neutral,60,비슷한 크기의 반대 방향 장대봉 2개,212000.0,218000.0,210500.0,217500.0,21499788.0,4636535996750.0,005930,삼성전자
2026-04-17,bearish_harami,하락 잉태형,추세 반전형,down,70,상승 흐름의 큰 양봉 안에 작은 음봉,217000.0,218000.0,215000.0,216000.0,18079322.0,3913720108000.0,005930,삼성전자
2026-04-17,bearish_separating_line,하락 갈림길형,추세 지속형,down,65,같은 시가 부근에서 음봉 전환,217000.0,218000.0,215000.0,216000.0,18079322.0,3913720108000.0,005930,삼성전자
2026-04-17,tweezer_top,트위저 탑,추세 반전형,down,65,비슷한 고점이 이틀 연속 형성,217000.0,218000.0,215000.0,216000.0,18079322.0,3913720108000.0,005930,삼성전자
2026-04-20,single_cross_doji,십자형,단일 캔들 패턴,neutral,70,위아래 꼬리가 있는 십자형 도지,214500.0,219000.0,213000.0,214500.0,17107741.0,3694826177250.0,005930,삼성전자
2026-04-20,single_doji,도지,단일 캔들 패턴,neutral,65,시가와 종가가 거의 같은 균형 캔들,214500.0,219000.0,213000.0,214500.0,17107741.0,3694826177250.0,005930,삼성전자
2026-04-20,single_spinning_top,팽이형,단일 캔들 패턴,neutral,65,작은 몸통과 양쪽 꼬리,214500.0,219000.0,213000.0,214500.0,17107741.0,3694826177250.0,005930,삼성전자
2026-04-20,tweezer_bottom,트위저 바텀,추세 반전형,up,65,비슷한 저점이 이틀 연속 형성,214500.0,219000.0,213000.0,214500.0,17107741.0,3694826177250.0,005930,삼성전자
2026-04-22,bearish_separating_line,하락 갈림길형,추세 지속형,down,65,같은 시가 부근에서 음봉 전환,218500.0,222500.0,215500.0,217500.0,16823480.0,3668380491500.0,005930,삼성전자
2026-04-22,single_spinning_top,팽이형,단일 캔들 패턴,neutral,65,작은 몸통과 양쪽 꼬리,218500.0,222500.0,215500.0,217500.0,16823480.0,3668380491500.0,005930,삼성전자
2026-04-22,tweezer_top,트위저 탑,추세 반전형,down,65,비슷한 고점이 이틀 연속 형성,218500.0,222500.0,215500.0,217500.0,16823480.0,3668380491500.0,005930,삼성전자
2026-04-23,single_high_wave,하이웨이브 캔들,단일 캔들 패턴,neutral,65,작은 몸통과 긴 위아래 꼬리로 변동성 확대,223000.0,229500.0,216000.0,224500.0,34525485.0,7739982934106.0,005930,삼성전자
2026-04-23,single_spinning_top,팽이형,단일 캔들 패턴,neutral,65,작은 몸통과 양쪽 꼬리,223000.0,229500.0,216000.0,224500.0,34525485.0,7739982934106.0,005930,삼성전자
2026-04-23,tweezer_bottom,트위저 바텀,추세 반전형,up,65,비슷한 저점이 이틀 연속 형성,223000.0,229500.0,216000.0,224500.0,34525485.0,7739982934106.0,005930,삼성전자
2026-04-24,single_long_bear,장대 음봉,단일 캔들 패턴,down,75,최근 평균 몸통 대비 큰 음봉,224000.0,225000.0,216500.0,219500.0,19626666.0,4314144436734.0,005930,삼성전자
2026-04-27,single_long_bull,장대 양봉,단일 캔들 패턴,up,75,최근 평균 몸통 대비 큰 양봉,220000.0,226000.0,218500.0,224500.0,22870374.0,5112167489250.0,005930,삼성전자
2026-04-27,railroad_tracks,기찻길형,추세 반전형,neutral,60,비슷한 크기의 반대 방향 장대봉 2개,220000.0,226000.0,218500.0,224500.0,22870374.0,5112167489250.0,005930,삼성전자
2026-04-28,bearish_dark_cloud,흑운형,추세 반전형,down,72,전일 양봉 중간 아래로 밀림,224000.0,226000.0,221500.0,222000.0,18444490.0,4114489907013.0,005930,삼성전자
2026-04-28,tweezer_top,트위저 탑,추세 반전형,down,65,비슷한 고점이 이틀 연속 형성,224000.0,226000.0,221500.0,222000.0,18444490.0,4114489907013.0,005930,삼성전자
2026-04-29,bullish_engulfing,상승 장악형,추세 반전형,up,80,음봉 몸통을 다음 양봉이 감쌈,219500.0,228000.0,218500.0,226000.0,20363756.0,4544913518216.0,005930,삼성전자
2026-04-29,single_long_bull,장대 양봉,단일 캔들 패턴,up,75,최근 평균 몸통 대비 큰 양봉,219500.0,228000.0,218500.0,226000.0,20363756.0,4544913518216.0,005930,삼성전자
2026-04-29,tweezer_bottom,트위저 바텀,추세 반전형,up,65,비슷한 저점이 이틀 연속 형성,219500.0,228000.0,218500.0,226000.0,20363756.0,4544913518216.0,005930,삼성전자
2026-04-30,single_long_bear,장대 음봉,단일 캔들 패턴,down,75,최근 평균 몸통 대비 큰 음봉,229000.0,230000.0,220500.0,220500.0,22161975.0,4984706020346.0,005930,삼성전자
2026-04-30,bearish_dark_cloud,흑운형,추세 반전형,down,72,전일 양봉 중간 아래로 밀림,229000.0,230000.0,220500.0,220500.0,22161975.0,4984706020346.0,005930,삼성전자
2026-04-30,tweezer_top,트위저 탑,추세 반전형,down,65,비슷한 고점이 이틀 연속 형성,229000.0,230000.0,220500.0,220500.0,22161975.0,4984706020346.0,005930,삼성전자
2026-04-30,railroad_tracks,기찻길형,추세 반전형,neutral,60,비슷한 크기의 반대 방향 장대봉 2개,229000.0,230000.0,220500.0,220500.0,22161975.0,4984706020346.0,005930,삼성전자
2026-05-04,railroad_tracks,기찻길형,추세 반전형,neutral,60,비슷한 크기의 반대 방향 장대봉 2개,228000.0,232500.0,224000.0,232500.0,32920816.0,7534835308220.0,005930,삼성전자
2026-05-06,three_outside_up,쓰리 아웃사이드 업,추세 반전형,up,82,상승 장악형 뒤 추가 상승 확인,254000.0,270000.0,251000.0,266000.0,53097996.0,13873583841584.0,005930,삼성전자
2026-05-06,single_long_bull,장대 양봉,단일 캔들 패턴,up,75,최근 평균 몸통 대비 큰 양봉,254000.0,270000.0,251000.0,266000.0,53097996.0,13873583841584.0,005930,삼성전자
2026-05-06,rising_window,라이징 윈도우,추세 지속형,up,70,전일 고가 위로 상승 갭 형성,254000.0,270000.0,251000.0,266000.0,53097996.0,13873583841584.0,005930,삼성전자
2026-05-06,tweezer_top,트위저 탑,추세 반전형,down,65,비슷한 고점이 이틀 연속 형성,254000.0,270000.0,251000.0,266000.0,53097996.0,13873583841584.0,005930,삼성전자
2026-05-07,single_long_bear,장대 음봉,단일 캔들 패턴,down,75,최근 평균 몸통 대비 큰 음봉,272000.0,277000.0,260500.0,261000.0,19448714.0,5213204020750.0,005930,삼성전자
2026-05-07,tweezer_top,트위저 탑,추세 반전형,down,65,비슷한 고점이 이틀 연속 형성,272000.0,277000.0,260500.0,261000.0,19448714.0,5213204020750.0,005930,삼성전자
2026-05-07,railroad_tracks,기찻길형,추세 반전형,neutral,60,비슷한 크기의 반대 방향 장대봉 2개,272000.0,277000.0,260500.0,261000.0,19448714.0,5213204020750.0,005930,삼성전자
