signal_date,ticker,name,hypothesis_id,use_type,decision_status,decision_note,event_direction,event_chg_pct,event_close,amount_tag,dart_tag,window_category,flow_category_confirmed,foreign_5d,institution_5d,individual_5d,planned_entry_rule,planned_hold_days,backtest_avg_score_pct,backtest_hit_rate,next_trading_day,next_open,next_close,d_plus_5_close,d_plus_10_close,d_plus_20_close,next_open_return_pct,next_close_return_pct,d_plus_5_return_pct,d_plus_10_return_pct,d_plus_20_return_pct,result_label,review_note,valuation_class,valuation_profit_trend,valuation_trap_check,valuation_memo
2026-04-29,042700,한미반도체,H02,반등 감시 후보,관찰대상,하락 이벤트 다음 거래일 반등 확인 후 단기 진입 검토,down,-2.59,357500,거래대금약함,DART공시동반,직접반응,외국인기관동반매수,989728,564332,-1558705,다음 거래일 장초반 반등 확인 전에는 진입 보류. 전일 종가 회복 또는 장중 VWAP/시가 회복 확인 시 단기 진입 검토,20,34.49,83.33,2026-04-30,367000,368000,390000,369000,293000,2.66,2.94,9.09,3.22,-18.04,반등 실패,"D+1(2026-04-30) 시가 +2.66%, 종가 +2.94%; D+5 +9.09%; D+10 +3.22%; D+20 -18.04%",,,,
2026-04-29,034020,두산에너빌리티,H01,매수 후보,관찰대상,다음 거래일 분할 진입 검토,up,1.1,129200,거래대금약함,DART공시동반,직접반응,외국인기관동반매수,787410,538347,-1361937,다음 거래일 과도한 갭 상승이 없고 장초반 급락이 아니면 분할 진입 검토. 갭 급등 시 추격 금지,20,25.39,84.62,2026-04-30,129800,127100,129600,110800,106900,0.46,-1.63,0.31,-14.24,-17.26,상승 실패,"D+1(2026-04-30) 시가 +0.46%, 종가 -1.63%; D+5 +0.31%; D+10 -14.24%; D+20 -17.26%",,,,
2026-04-30,005930,삼성전자,H02,반등 감시 후보,관찰대상,하락 이벤트 다음 거래일 반등 확인 후 단기 진입 검토,down,-2.43,220500,거래대금약함,DART공시동반,직접반응,외국인기관동반매수,2625469,4180415,-6747612,다음 거래일 장초반 반등 확인 전에는 진입 보류. 전일 종가 회복 또는 장중 VWAP/시가 회복 확인 시 단기 진입 검토,20,34.49,83.33,2026-05-04,228000,232500,285500,281000,360500,3.40,5.44,29.48,27.44,63.49,반등 성공,"D+1(2026-05-04) 시가 +3.40%, 종가 +5.44%; D+5 +29.48%; D+10 +27.44%; D+20 +63.49%",,,,
2026-05-04,079550,LIG디펜스앤에어로스페이스,H01,매수 후보,관찰대상,다음 거래일 분할 진입 검토,up,4.46,983000,거래대금약함,DART공시동반,직접반응,외국인기관동반매수,74523,1750,-77503,다음 거래일 과도한 갭 상승이 없고 장초반 급락이 아니면 분할 진입 검토. 갭 급등 시 추격 금지,20,25.39,84.62,2026-05-06,966000,979000,879000,862000,733000,-1.73,-0.41,-10.58,-12.31,-25.43,상승 실패,"D+1(2026-05-06) 시가 -1.73%, 종가 -0.41%; D+5 -10.58%; D+10 -12.31%; D+20 -25.43%",,,,
2026-05-11,178320,서진시스템,H01,매수 후보,관찰대상,다음 거래일 분할 진입 검토,up,2.12,67500,거래대금약함,DART공시동반,직접반응,외국인기관동반매수,74981,86724,-110781,다음 거래일 과도한 갭 상승이 없고 장초반 급락이 아니면 분할 진입 검토. 갭 급등 시 추격 금지,20,25.39,84.62,2026-05-12,68500,69100,72800,78600,,1.48,2.37,7.85,16.44,,상승 지속,"D+1(2026-05-12) 시가 +1.48%, 종가 +2.37%; D+5 +7.85%; D+10 +16.44%",PER비교부적합,순이익감소,"순손실, 부채비율 부담","EPS적자, PER무효. 최근 순이익 방향은 순이익감소이며 분류는 PER비교부적합."
2026-05-12,006340,대원전선,H02,반등 감시 후보,관찰대상,하락 이벤트 다음 거래일 반등 확인 후 단기 진입 검토,down,-6.92,16000,거래대금약함,DART공시동반,직접반응,외국인기관동반매수,440421,142041,-594981,다음 거래일 장초반 반등 확인 전에는 진입 보류. 전일 종가 회복 또는 장중 VWAP/시가 회복 확인 시 단기 진입 검토,20,34.49,83.33,2026-05-13,15500,14630,14080,13060,,-3.12,-8.56,-12.00,-18.37,,반등 실패,"D+1(2026-05-13) 시가 -3.12%, 종가 -8.56%; D+5 -12.00%; D+10 -18.37%",성장기대반영,순이익증가,특이 리스크 제한적,"EPS낮음, 초고PER. 최근 순이익 방향은 순이익증가이며 분류는 성장기대반영."
2026-05-12,047040,대우건설,H02,반등 감시 후보,관찰대상,하락 이벤트 다음 거래일 반등 확인 후 단기 진입 검토,down,-6.07,30150,거래대금약함,DART공시동반,직접반응,외국인기관동반매수,57541,335399,-431726,다음 거래일 장초반 반등 확인 전에는 진입 보류. 전일 종가 회복 또는 장중 VWAP/시가 회복 확인 시 단기 진입 검토,20,34.49,83.33,2026-05-13,28900,28950,27050,26750,,-4.15,-3.98,-10.28,-11.28,,반등 실패,"D+1(2026-05-13) 시가 -4.15%, 종가 -3.98%; D+5 -10.28%; D+10 -11.28%",PER비교부적합,순이익감소,"순손실, 부채비율 부담","EPS적자, PER무효. 최근 순이익 방향은 순이익감소이며 분류는 PER비교부적합."
2026-05-13,001440,대한전선,H02,반등 감시 후보,관찰대상,하락 이벤트 다음 거래일 반등 확인 후 단기 진입 검토,down,-2.68,65400,거래대금약함,DART공시동반,직접반응,외국인기관동반매수,3436611,318513,-3658782,다음 거래일 장초반 반등 확인 전에는 진입 보류. 전일 종가 회복 또는 장중 VWAP/시가 회복 확인 시 단기 진입 검토,20,34.49,83.33,2026-05-14,66600,65500,52000,47800,,1.83,0.15,-20.49,-26.91,,반등 실패,"D+1(2026-05-14) 시가 +1.83%, 종가 +0.15%; D+5 -20.49%; D+10 -26.91%",성장기대반영,순이익증가,특이 리스크 제한적,"EPS낮음, 초고PER. 최근 순이익 방향은 순이익증가이며 분류는 성장기대반영."
2026-05-14,018880,한온시스템,H02,반등 감시 후보,관찰대상,하락 이벤트 다음 거래일 반등 확인 후 단기 진입 검토,down,-0.79,5000,거래대금약함,DART공시동반,직접반응,외국인기관동반매수,507634,52289,-811602,다음 거래일 장초반 반등 확인 전에는 진입 보류. 전일 종가 회복 또는 장중 VWAP/시가 회복 확인 시 단기 진입 검토,20,34.49,83.33,2026-05-15,5120,5050,4835,5630,,2.40,1.00,-3.30,12.60,,반등 성공,"D+1(2026-05-15) 시가 +2.40%, 종가 +1.00%; D+5 -3.30%; D+10 +12.60%",PER비교부적합,순이익감소,순손실,"EPS적자, PER무효. 최근 순이익 방향은 순이익감소이며 분류는 PER비교부적합."
2026-05-14,047040,대우건설,H01,매수 후보,관찰대상,다음 거래일 분할 진입 검토,up,12.61,32600,거래대금약함,DART공시동반,직접반응,외국인기관동반매수,828549,924602,-1777956,다음 거래일 과도한 갭 상승이 없고 장초반 급락이 아니면 분할 진입 검토. 갭 급등 시 추격 금지,20,25.39,84.62,2026-05-15,33100,28500,28350,26200,,1.53,-12.58,-13.04,-19.63,,상승 실패,"D+1(2026-05-15) 시가 +1.53%, 종가 -12.58%; D+5 -13.04%; D+10 -19.63%",PER비교부적합,순이익감소,"순손실, 부채비율 부담","EPS적자, PER무효. 최근 순이익 방향은 순이익감소이며 분류는 PER비교부적합."
2026-05-15,000720,현대건설,H02,반등 감시 후보,관찰대상,하락 이벤트 다음 거래일 반등 확인 후 단기 진입 검토,down,-8.45,155000,거래대금약함,DART공시동반,직접반응,외국인기관동반매수,452115,10317,-473915,다음 거래일 장초반 반등 확인 전에는 진입 보류. 전일 종가 회복 또는 장중 VWAP/시가 회복 확인 시 단기 진입 검토,20,34.49,83.33,2026-05-18,143800,144900,150300,138900,,-7.23,-6.52,-3.03,-10.39,,반등 실패,"D+1(2026-05-18) 시가 -7.23%, 종가 -6.52%; D+5 -3.03%; D+10 -10.39%",기대과열가능,순이익불안정,이익 변동성,"EPS보통, 초고PER. 최근 순이익 방향은 순이익불안정이며 분류는 기대과열가능."
2026-05-15,006910,보성파워텍,H02,반등 감시 후보,관찰대상,하락 이벤트 다음 거래일 반등 확인 후 단기 진입 검토,down,-6.62,11430,거래대금약함,DART공시동반,직접반응,외국인기관동반매수,369514,14595,-364573,다음 거래일 장초반 반등 확인 전에는 진입 보류. 전일 종가 회복 또는 장중 VWAP/시가 회복 확인 시 단기 진입 검토,20,34.49,83.33,2026-05-18,11120,11230,11040,9300,,-2.71,-1.75,-3.41,-18.64,,반등 실패,"D+1(2026-05-18) 시가 -2.71%, 종가 -1.75%; D+5 -3.41%; D+10 -18.64%",성장기대반영,순이익증가,특이 리스크 제한적,"EPS낮음, 초고PER. 최근 순이익 방향은 순이익증가이며 분류는 성장기대반영."
2026-05-15,038500,삼표시멘트,H02,반등 감시 후보,관찰대상,하락 이벤트 다음 거래일 반등 확인 후 단기 진입 검토,down,-7.46,13650,거래대금약함,DART공시동반,직접반응,외국인기관동반매수,157944,72183,-206772,다음 거래일 장초반 반등 확인 전에는 진입 보류. 전일 종가 회복 또는 장중 VWAP/시가 회복 확인 시 단기 진입 검토,20,34.49,83.33,2026-05-18,13300,13400,13190,11990,,-2.56,-1.83,-3.37,-12.16,,반등 실패,"D+1(2026-05-18) 시가 -2.56%, 종가 -1.83%; D+5 -3.37%; D+10 -12.16%",,,,
2026-05-15,079550,LIG디펜스앤에어로스페이스,H02,반등 감시 후보,관찰대상,하락 이벤트 다음 거래일 반등 확인 후 단기 진입 검토,down,-5.01,834000,거래대금약함,DART공시동반,직접반응,외국인기관동반매수,19709,55027,-72676,다음 거래일 장초반 반등 확인 전에는 진입 보류. 전일 종가 회복 또는 장중 VWAP/시가 회복 확인 시 단기 진입 검토,20,34.49,83.33,2026-05-18,852000,839000,925000,776000,,2.16,0.60,10.91,-6.95,,반등 실패,"D+1(2026-05-18) 시가 +2.16%, 종가 +0.60%; D+5 +10.91%; D+10 -6.95%",성장기대반영,순이익증가,부채비율 부담,"EPS높음, 초고PER. 최근 순이익 방향은 순이익증가이며 분류는 성장기대반영."
2026-05-18,000720,현대건설,H02,반등 감시 후보,관찰대상,하락 이벤트 다음 거래일 반등 확인 후 단기 진입 검토,down,-6.52,144900,거래대금약함,DART공시동반,직접반응,외국인기관동반매수,258301,173410,-443884,다음 거래일 장초반 반등 확인 전에는 진입 보류. 전일 종가 회복 또는 장중 VWAP/시가 회복 확인 시 단기 진입 검토,20,34.49,83.33,2026-05-19,142900,139300,152000,134200,,-1.38,-3.86,4.90,-7.38,,반등 실패,"D+1(2026-05-19) 시가 -1.38%, 종가 -3.86%; D+5 +4.90%; D+10 -7.38%",기대과열가능,순이익불안정,이익 변동성,"EPS보통, 초고PER, 고PBR, EV/EBITDA결측. 최근 순이익 방향은 순이익불안정이며 분류는 기대과열가능."
2026-05-18,012200,계양전기,H02,반등 감시 후보,관찰대상,하락 이벤트 다음 거래일 반등 확인 후 단기 진입 검토,down,-2.66,8770,거래대금약함,DART공시동반,직접반응,외국인기관동반매수,1067949,16905,-1058055,다음 거래일 장초반 반등 확인 전에는 진입 보류. 전일 종가 회복 또는 장중 VWAP/시가 회복 확인 시 단기 진입 검토,20,34.49,83.33,2026-05-19,8800,8320,8280,6830,,0.34,-5.13,-5.59,-22.12,,반등 실패,"D+1(2026-05-19) 시가 +0.34%, 종가 -5.13%; D+5 -5.59%; D+10 -22.12%",PER비교부적합,순이익불안정,"부채비율 부담, 이익 변동성","EPS적자, PER무효, 초고PBR, EV/EBITDA결측. 최근 순이익 방향은 순이익불안정이며 분류는 PER비교부적합."
2026-05-18,018880,한온시스템,H02,반등 감시 후보,관찰대상,하락 이벤트 다음 거래일 반등 확인 후 단기 진입 검토,down,-2.77,4910,거래대금약함,DART공시동반,직접반응,외국인기관동반매수,2692791,248074,-2929024,다음 거래일 장초반 반등 확인 전에는 진입 보류. 전일 종가 회복 또는 장중 VWAP/시가 회복 확인 시 단기 진입 검토,20,34.49,83.33,2026-05-19,4850,4550,5240,5000,,-1.22,-7.33,6.72,1.83,,단기 반등,"D+1(2026-05-19) 시가 -1.22%, 종가 -7.33%; D+5 +6.72%; D+10 +1.83%",PER비교부적합,순이익감소,순손실,"EPS적자, PER무효, 보통PBR, EV/EBITDA결측. 최근 순이익 방향은 순이익감소이며 분류는 PER비교부적합."
2026-05-18,078150,HB테크놀러지,H02,반등 감시 후보,관찰대상,하락 이벤트 다음 거래일 반등 확인 후 단기 진입 검토,down,-3.92,3675,거래대금약함,DART공시동반,직접반응,외국인기관동반매수,1127226,524,-1223737,다음 거래일 장초반 반등 확인 전에는 진입 보류. 전일 종가 회복 또는 장중 VWAP/시가 회복 확인 시 단기 진입 검토,20,34.49,83.33,2026-05-19,3600,3700,4360,2930,,-2.04,0.68,18.64,-20.27,,반등 실패,"D+1(2026-05-19) 시가 -2.04%, 종가 +0.68%; D+5 +18.64%; D+10 -20.27%",중립,순이익감소,특이 리스크 제한적,"EPS낮음, 보통PER, 보통PBR, EV/EBITDA결측. 최근 순이익 방향은 순이익감소이며 분류는 중립."
2026-05-18,090710,휴림로봇,H02,반등 감시 후보,관찰대상,하락 이벤트 다음 거래일 반등 확인 후 단기 진입 검토,down,-4.57,12520,거래대금약함,DART공시동반,직접반응,외국인기관동반매수,255310,152727,-624213,다음 거래일 장초반 반등 확인 전에는 진입 보류. 전일 종가 회복 또는 장중 VWAP/시가 회복 확인 시 단기 진입 검토,20,34.49,83.33,2026-05-19,12300,11500,11810,10940,,-1.76,-8.15,-5.67,-12.62,,반등 실패,"D+1(2026-05-19) 시가 -1.76%, 종가 -8.15%; D+5 -5.67%; D+10 -12.62%",PER비교부적합,순이익감소,순손실,"EPS적자, PER무효, 초고PBR, EV/EBITDA결측. 최근 순이익 방향은 순이익감소이며 분류는 PER비교부적합."
2026-05-18,452260,한화갤러리아,H02,반등 감시 후보,관찰대상,하락 이벤트 다음 거래일 반등 확인 후 단기 진입 검토,down,-7.76,3090,거래대금약함,DART공시동반,직접반응,외국인기관동반매수,1151515,109860,-1524116,다음 거래일 장초반 반등 확인 전에는 진입 보류. 전일 종가 회복 또는 장중 VWAP/시가 회복 확인 시 단기 진입 검토,20,34.49,83.33,2026-05-19,3005,3020,3150,2760,,-2.75,-2.27,1.94,-10.68,,반등 실패,"D+1(2026-05-19) 시가 -2.75%, 종가 -2.27%; D+5 +1.94%; D+10 -10.68%",기대과열가능,순이익불안정,"순손실, 이익 변동성","EPS낮음, 초고PER, 보통PBR, EV/EBITDA결측. 최근 순이익 방향은 순이익불안정이며 분류는 기대과열가능."
2026-05-18,079550,LIG디펜스앤에어로스페이스,H01,매수 후보,관찰대상,다음 거래일 분할 진입 검토,up,0.6,839000,거래대금약함,DART공시동반,직접반응,외국인기관동반매수,1564,42217,-39190,다음 거래일 과도한 갭 상승이 없고 장초반 급락이 아니면 분할 진입 검토. 갭 급등 시 추격 금지,20,25.39,84.62,2026-05-19,841000,862000,913000,726000,,0.24,2.74,8.82,-13.47,,상승 실패,"D+1(2026-05-19) 시가 +0.24%, 종가 +2.74%; D+5 +8.82%; D+10 -13.47%",성장기대반영,순이익증가,부채비율 부담,"EPS높음, 초고PER, 초고PBR, EV/EBITDA결측. 최근 순이익 방향은 순이익증가이며 분류는 성장기대반영."
2026-05-18,322000,HD현대에너지솔루션,H01,매수 후보,관찰대상,다음 거래일 분할 진입 검토,up,7.72,212000,거래대금약함,DART공시동반,직접반응,외국인기관동반매수,12477,106787,-115830,다음 거래일 과도한 갭 상승이 없고 장초반 급락이 아니면 분할 진입 검토. 갭 급등 시 추격 금지,20,25.39,84.62,2026-05-19,203000,192500,199100,163100,,-4.25,-9.20,-6.08,-23.07,,상승 실패,"D+1(2026-05-19) 시가 -4.25%, 종가 -9.20%; D+5 -6.08%; D+10 -23.07%",성장기대반영,순이익증가,특이 리스크 제한적,"EPS보통, 초고PER, 초고PBR, EV/EBITDA결측. 최근 순이익 방향은 순이익증가이며 분류는 성장기대반영."
2026-05-19,000720,현대건설,H02,반등 감시 후보,관찰대상,하락 이벤트 다음 거래일 반등 확인 후 단기 진입 검토,down,-3.86,139300,거래대금약함,DART공시동반,직접반응,외국인기관동반매수,201944,207615,-415006,다음 거래일 장초반 반등 확인 전에는 진입 보류. 전일 종가 회복 또는 장중 VWAP/시가 회복 확인 시 단기 진입 검토,20,34.49,83.33,2026-05-20,137000,136200,143600,136600,,-1.65,-2.23,3.09,-1.94,,반등 중립,"D+1(2026-05-20) 시가 -1.65%, 종가 -2.23%; D+5 +3.09%; D+10 -1.94%",기대과열가능,순이익불안정,이익 변동성,"EPS보통, 초고PER, 고PBR, EV/EBITDA결측. 최근 순이익 방향은 순이익불안정이며 분류는 기대과열가능."
2026-05-19,001440,대한전선,H02,반등 감시 후보,관찰대상,하락 이벤트 다음 거래일 반등 확인 후 단기 진입 검토,down,-8.43,53200,거래대금약함,DART공시동반,직접반응,외국인기관동반매수,41231,252751,-281417,다음 거래일 장초반 반등 확인 전에는 진입 보류. 전일 종가 회복 또는 장중 VWAP/시가 회복 확인 시 단기 진입 검토,20,34.49,83.33,2026-05-20,53200,52000,49550,42350,,0.00,-2.26,-6.86,-20.39,,반등 실패,"D+1(2026-05-20) 시가 +0.00%, 종가 -2.26%; D+5 -6.86%; D+10 -20.39%",성장기대반영,순이익증가,특이 리스크 제한적,"EPS낮음, 초고PER, 초고PBR, EV/EBITDA결측. 최근 순이익 방향은 순이익증가이며 분류는 성장기대반영."
2026-05-19,001510,SK증권,H02,반등 감시 후보,관찰대상,하락 이벤트 다음 거래일 반등 확인 후 단기 진입 검토,down,-4.74,3820,거래대금약함,DART공시동반,직접반응,외국인기관동반매수,1340648,436888,-1662850,다음 거래일 장초반 반등 확인 전에는 진입 보류. 전일 종가 회복 또는 장중 VWAP/시가 회복 확인 시 단기 진입 검토,20,34.49,83.33,2026-05-20,3810,3715,3650,3200,,-0.26,-2.75,-4.45,-16.23,,반등 실패,"D+1(2026-05-20) 시가 -0.26%, 종가 -2.75%; D+5 -4.45%; D+10 -16.23%",기대과열가능,순이익불안정,"부채비율 부담, 이익 변동성","EPS낮음, 고PER, 고PBR, EV/EBITDA결측. 최근 순이익 방향은 순이익불안정이며 분류는 기대과열가능."
2026-05-19,012200,계양전기,H02,반등 감시 후보,관찰대상,하락 이벤트 다음 거래일 반등 확인 후 단기 진입 검토,down,-5.13,8320,거래대금약함,DART공시동반,직접반응,외국인기관동반매수,1046286,49327,-1043033,다음 거래일 장초반 반등 확인 전에는 진입 보류. 전일 종가 회복 또는 장중 VWAP/시가 회복 확인 시 단기 진입 검토,20,34.49,83.33,2026-05-20,8150,8260,7590,6820,,-2.04,-0.72,-8.77,-18.03,,반등 실패,"D+1(2026-05-20) 시가 -2.04%, 종가 -0.72%; D+5 -8.77%; D+10 -18.03%",PER비교부적합,순이익불안정,"부채비율 부담, 이익 변동성","EPS적자, PER무효, 초고PBR, EV/EBITDA결측. 최근 순이익 방향은 순이익불안정이며 분류는 PER비교부적합."
2026-05-19,012860,모베이스전자,H02,반등 감시 후보,관찰대상,하락 이벤트 다음 거래일 반등 확인 후 단기 진입 검토,down,-4.74,4320,거래대금약함,DART공시동반,직접반응,외국인기관동반매수,937720,22990,-936356,다음 거래일 장초반 반등 확인 전에는 진입 보류. 전일 종가 회복 또는 장중 VWAP/시가 회복 확인 시 단기 진입 검토,20,34.49,83.33,2026-05-20,4220,4170,4110,3315,,-2.31,-3.47,-4.86,-23.26,,반등 실패,"D+1(2026-05-20) 시가 -2.31%, 종가 -3.47%; D+5 -4.86%; D+10 -23.26%",중립,순이익증가,부채비율 부담,"EPS낮음, 보통PER, 고PBR, EV/EBITDA결측. 최근 순이익 방향은 순이익증가이며 분류는 중립."
2026-05-19,018880,한온시스템,H02,반등 감시 후보,관찰대상,하락 이벤트 다음 거래일 반등 확인 후 단기 진입 검토,down,-7.33,4550,거래대금약함,DART공시동반,직접반응,외국인기관동반매수,4215484,629582,-4668064,다음 거래일 장초반 반등 확인 전에는 진입 보류. 전일 종가 회복 또는 장중 VWAP/시가 회복 확인 시 단기 진입 검토,20,34.49,83.33,2026-05-20,4500,4355,5280,4820,,-1.10,-4.29,16.04,5.93,,반등 성공,"D+1(2026-05-20) 시가 -1.10%, 종가 -4.29%; D+5 +16.04%; D+10 +5.93%",PER비교부적합,순이익감소,순손실,"EPS적자, PER무효, 보통PBR, EV/EBITDA결측. 최근 순이익 방향은 순이익감소이며 분류는 PER비교부적합."
2026-05-19,090710,휴림로봇,H02,반등 감시 후보,관찰대상,하락 이벤트 다음 거래일 반등 확인 후 단기 진입 검토,down,-8.15,11500,거래대금약함,DART공시동반,직접반응,외국인기관동반매수,199398,119902,-304275,다음 거래일 장초반 반등 확인 전에는 진입 보류. 전일 종가 회복 또는 장중 VWAP/시가 회복 확인 시 단기 진입 검토,20,34.49,83.33,2026-05-20,11470,10840,10990,10440,,-0.26,-5.74,-4.43,-9.22,,반등 실패,"D+1(2026-05-20) 시가 -0.26%, 종가 -5.74%; D+5 -4.43%; D+10 -9.22%",PER비교부적합,순이익감소,순손실,"EPS적자, PER무효, 초고PBR, EV/EBITDA결측. 최근 순이익 방향은 순이익감소이며 분류는 PER비교부적합."
2026-05-19,452260,한화갤러리아,H02,반등 감시 후보,관찰대상,하락 이벤트 다음 거래일 반등 확인 후 단기 진입 검토,down,-2.27,3020,거래대금약함,DART공시동반,직접반응,외국인기관동반매수,2388544,113768,1145270,다음 거래일 장초반 반등 확인 전에는 진입 보류. 전일 종가 회복 또는 장중 VWAP/시가 회복 확인 시 단기 진입 검토,20,34.49,83.33,2026-05-20,2970,2880,3000,2785,,-1.66,-4.64,-0.66,-7.78,,반등 실패,"D+1(2026-05-20) 시가 -1.66%, 종가 -4.64%; D+5 -0.66%; D+10 -7.78%",기대과열가능,순이익불안정,"순손실, 이익 변동성","EPS낮음, 초고PER, 보통PBR, EV/EBITDA결측. 최근 순이익 방향은 순이익불안정이며 분류는 기대과열가능."
2026-05-19,078150,HB테크놀러지,H01,매수 후보,관찰대상,다음 거래일 분할 진입 검토,up,0.68,3700,거래대금약함,DART공시동반,직접반응,외국인기관동반매수,759369,1702,-923734,다음 거래일 과도한 갭 상승이 없고 장초반 급락이 아니면 분할 진입 검토. 갭 급등 시 추격 금지,20,25.39,84.62,2026-05-20,3680,3530,3680,3170,,-0.54,-4.59,-0.54,-14.32,,상승 실패,"D+1(2026-05-20) 시가 -0.54%, 종가 -4.59%; D+5 -0.54%; D+10 -14.32%",중립,순이익감소,특이 리스크 제한적,"EPS낮음, 보통PER, 보통PBR, EV/EBITDA결측. 최근 순이익 방향은 순이익감소이며 분류는 중립."
2026-05-19,079550,LIG디펜스앤에어로스페이스,H01,매수 후보,관찰대상,다음 거래일 분할 진입 검토,up,2.74,862000,거래대금약함,DART공시동반,직접반응,외국인기관동반매수,36717,72966,-103908,다음 거래일 과도한 갭 상승이 없고 장초반 급락이 아니면 분할 진입 검토. 갭 급등 시 추격 금지,20,25.39,84.62,2026-05-20,862000,833000,875000,733000,,0.00,-3.36,1.51,-14.97,,상승 실패,"D+1(2026-05-20) 시가 +0.00%, 종가 -3.36%; D+5 +1.51%; D+10 -14.97%",성장기대반영,순이익증가,부채비율 부담,"EPS높음, 초고PER, 초고PBR, EV/EBITDA결측. 최근 순이익 방향은 순이익증가이며 분류는 성장기대반영."
2026-05-20,001440,대한전선,H02,반등 감시 후보,관찰대상,하락 이벤트 다음 거래일 반등 확인 후 단기 진입 검토,down,-2.26,52000,거래대금약함,DART공시동반,직접반응,외국인기관동반매수,738117,119719,-864027,다음 거래일 장초반 반등 확인 전에는 진입 보류. 전일 종가 회복 또는 장중 VWAP/시가 회복 확인 시 단기 진입 검토,20,34.49,83.33,2026-05-21,54500,56000,47800,39950,,4.81,7.69,-8.08,-23.17,,반등 실패,"D+1(2026-05-21) 시가 +4.81%, 종가 +7.69%; D+5 -8.08%; D+10 -23.17%",성장기대반영,순이익증가,특이 리스크 제한적,"EPS낮음, 초고PER, 초고PBR, EV/EBITDA결측. 최근 순이익 방향은 순이익증가이며 분류는 성장기대반영."
2026-05-20,001510,SK증권,H02,반등 감시 후보,관찰대상,하락 이벤트 다음 거래일 반등 확인 후 단기 진입 검토,down,-2.75,3715,거래대금약함,DART공시동반,직접반응,외국인기관동반매수,1587556,275582,-1751857,다음 거래일 장초반 반등 확인 전에는 진입 보류. 전일 종가 회복 또는 장중 VWAP/시가 회복 확인 시 단기 진입 검토,20,34.49,83.33,2026-05-21,3860,3925,3450,3205,,3.90,5.65,-7.13,-13.73,,반등 실패,"D+1(2026-05-21) 시가 +3.90%, 종가 +5.65%; D+5 -7.13%; D+10 -13.73%",기대과열가능,순이익불안정,"부채비율 부담, 이익 변동성","EPS낮음, 고PER, 고PBR, EV/EBITDA결측. 최근 순이익 방향은 순이익불안정이며 분류는 기대과열가능."
2026-05-20,006910,보성파워텍,H02,반등 감시 후보,관찰대상,하락 이벤트 다음 거래일 반등 확인 후 단기 진입 검토,down,-3.68,10210,거래대금약함,DART공시동반,직접반응,외국인기관동반매수,30916,2326,-12362,다음 거래일 장초반 반등 확인 전에는 진입 보류. 전일 종가 회복 또는 장중 VWAP/시가 회복 확인 시 단기 진입 검토,20,34.49,83.33,2026-05-21,10550,10780,9790,8360,,3.33,5.58,-4.11,-18.12,,반등 실패,"D+1(2026-05-21) 시가 +3.33%, 종가 +5.58%; D+5 -4.11%; D+10 -18.12%",성장기대반영,순이익증가,특이 리스크 제한적,"EPS낮음, 초고PER, 초고PBR, EV/EBITDA결측. 최근 순이익 방향은 순이익증가이며 분류는 성장기대반영."
2026-05-20,012200,계양전기,H02,반등 감시 후보,관찰대상,하락 이벤트 다음 거래일 반등 확인 후 단기 진입 검토,down,-0.72,8260,거래대금약함,DART공시동반,직접반응,외국인기관동반매수,843172,5298,-839114,다음 거래일 장초반 반등 확인 전에는 진입 보류. 전일 종가 회복 또는 장중 VWAP/시가 회복 확인 시 단기 진입 검토,20,34.49,83.33,2026-05-21,8590,8940,7870,6740,,4.00,8.23,-4.72,-18.40,,반등 실패,"D+1(2026-05-21) 시가 +4.00%, 종가 +8.23%; D+5 -4.72%; D+10 -18.40%",PER비교부적합,순이익불안정,"부채비율 부담, 이익 변동성","EPS적자, PER무효, 초고PBR, EV/EBITDA결측. 최근 순이익 방향은 순이익불안정이며 분류는 PER비교부적합."
2026-05-20,012860,모베이스전자,H02,반등 감시 후보,관찰대상,하락 이벤트 다음 거래일 반등 확인 후 단기 진입 검토,down,-3.47,4170,거래대금약함,DART공시동반,직접반응,외국인기관동반매수,657092,37277,-691866,다음 거래일 장초반 반등 확인 전에는 진입 보류. 전일 종가 회복 또는 장중 VWAP/시가 회복 확인 시 단기 진입 검토,20,34.49,83.33,2026-05-21,4245,4500,3895,3195,,1.80,7.91,-6.59,-23.38,,반등 실패,"D+1(2026-05-21) 시가 +1.80%, 종가 +7.91%; D+5 -6.59%; D+10 -23.38%",중립,순이익증가,부채비율 부담,"EPS낮음, 보통PER, 고PBR, EV/EBITDA결측. 최근 순이익 방향은 순이익증가이며 분류는 중립."
2026-05-20,079550,LIG디펜스앤에어로스페이스,H02,반등 감시 후보,관찰대상,하락 이벤트 다음 거래일 반등 확인 후 단기 진입 검토,down,-3.36,833000,거래대금약함,DART공시동반,직접반응,외국인기관동반매수,9610,102558,-108750,다음 거래일 장초반 반등 확인 전에는 진입 보류. 전일 종가 회복 또는 장중 VWAP/시가 회복 확인 시 단기 진입 검토,20,34.49,83.33,2026-05-21,828000,862000,856000,726000,,-0.60,3.48,2.76,-12.85,,반등 실패,"D+1(2026-05-21) 시가 -0.60%, 종가 +3.48%; D+5 +2.76%; D+10 -12.85%",성장기대반영,순이익증가,부채비율 부담,"EPS높음, 초고PER, 초고PBR, EV/EBITDA결측. 최근 순이익 방향은 순이익증가이며 분류는 성장기대반영."
2026-05-20,319400,현대무벡스,H02,반등 감시 후보,관찰대상,하락 이벤트 다음 거래일 반등 확인 후 단기 진입 검토,down,-1.82,32350,거래대금약함,DART공시동반,직접반응,외국인기관동반매수,30718,43122,-69175,다음 거래일 장초반 반등 확인 전에는 진입 보류. 전일 종가 회복 또는 장중 VWAP/시가 회복 확인 시 단기 진입 검토,20,34.49,83.33,2026-05-21,34100,38500,37450,33100,,5.41,19.01,15.77,2.32,,단기 반등,"D+1(2026-05-21) 시가 +5.41%, 종가 +19.01%; D+5 +15.77%; D+10 +2.32%",기대과열가능,순이익불안정,이익 변동성,"EPS낮음, 초고PER, 초고PBR, EV/EBITDA결측. 최근 순이익 방향은 순이익불안정이며 분류는 기대과열가능."
2026-05-21,001510,SK증권,H01,매수 후보,관찰대상,다음 거래일 분할 진입 검토,up,5.65,3925,거래대금약함,DART공시동반,직접반응,외국인기관동반매수,2165975,201715,-2290583,다음 거래일 과도한 갭 상승이 없고 장초반 급락이 아니면 분할 진입 검토. 갭 급등 시 추격 금지,20,25.39,84.62,2026-05-22,4050,3850,3250,2855,,3.18,-1.91,-17.20,-27.26,,상승 실패,"D+1(2026-05-22) 시가 +3.18%, 종가 -1.91%; D+5 -17.20%; D+10 -27.26%",기대과열가능,순이익불안정,"부채비율 부담, 이익 변동성","EPS낮음, 고PER, 고PBR, EV/EBITDA결측. 최근 순이익 방향은 순이익불안정이며 분류는 기대과열가능."
2026-05-21,086520,에코프로,H01,매수 후보,관찰대상,다음 거래일 분할 진입 검토,up,9.35,129800,거래대금약함,DART공시동반,직접반응,외국인기관동반매수,580628,23549,-601590,다음 거래일 과도한 갭 상승이 없고 장초반 급락이 아니면 분할 진입 검토. 갭 급등 시 추격 금지,20,25.39,84.62,2026-05-22,133800,146500,139000,105200,,3.08,12.87,7.09,-18.95,,상승 실패,"D+1(2026-05-22) 시가 +3.08%, 종가 +12.87%; D+5 +7.09%; D+10 -18.95%",PER비교부적합,순이익불안정,"순손실, 이익 변동성","EPS적자, PER무효, 초고PBR, EV/EBITDA결측. 최근 순이익 방향은 순이익불안정이며 분류는 PER비교부적합."
2026-05-21,178320,서진시스템,H01,매수 후보,관찰대상,다음 거래일 분할 진입 검토,up,9.89,72200,거래대금약함,DART공시동반,직접반응,외국인기관동반매수,1773805,170987,-270183,다음 거래일 과도한 갭 상승이 없고 장초반 급락이 아니면 분할 진입 검토. 갭 급등 시 추격 금지,20,25.39,84.62,2026-05-22,72700,77300,77600,65000,,0.69,7.06,7.48,-9.97,,상승 실패,"D+1(2026-05-22) 시가 +0.69%, 종가 +7.06%; D+5 +7.48%; D+10 -9.97%",PER비교부적합,순이익감소,"순손실, 부채비율 부담","EPS적자, PER무효, 초고PBR, EV/EBITDA결측. 최근 순이익 방향은 순이익감소이며 분류는 PER비교부적합."
2026-05-21,336260,두산퓨얼셀,H01,매수 후보,관찰대상,다음 거래일 분할 진입 검토,up,7.88,83500,거래대금약함,DART공시동반,직접반응,외국인기관동반매수,258160,42419,-376286,다음 거래일 과도한 갭 상승이 없고 장초반 급락이 아니면 분할 진입 검토. 갭 급등 시 추격 금지,20,25.39,84.62,2026-05-22,94100,98200,91400,71900,,12.69,17.60,9.46,-13.89,,상승 실패,"D+1(2026-05-22) 시가 +12.69%, 종가 +17.60%; D+5 +9.46%; D+10 -13.89%",PER비교부적합,순이익감소,"순손실, 부채비율 부담","EPS적자, PER무효, 초고PBR, EV/EBITDA결측. 최근 순이익 방향은 순이익감소이며 분류는 PER비교부적합."
2026-05-22,001510,SK증권,H02,반등 감시 후보,관찰대상,하락 이벤트 다음 거래일 반등 확인 후 단기 진입 검토,down,-1.91,3850,거래대금약함,DART공시동반,직접반응,외국인기관동반매수,1043472,208795,-1184260,다음 거래일 장초반 반등 확인 전에는 진입 보류. 전일 종가 회복 또는 장중 VWAP/시가 회복 확인 시 단기 진입 검토,20,34.49,83.33,2026-05-26,3935,3990,3350,2985,,2.21,3.64,-12.99,-22.47,,반등 실패,"D+1(2026-05-26) 시가 +2.21%, 종가 +3.64%; D+5 -12.99%; D+10 -22.47%",기대과열가능,순이익불안정,"부채비율 부담, 이익 변동성","EPS낮음, 고PER, 고PBR, EV/EBITDA결측. 최근 순이익 방향은 순이익불안정이며 분류는 기대과열가능."
2026-05-22,067310,하나마이크론,H02,반등 감시 후보,관찰대상,하락 이벤트 다음 거래일 반등 확인 후 단기 진입 검토,down,-5.14,51700,거래대금약함,DART공시동반,직접반응,외국인기관동반매수,16221,204541,-242822,다음 거래일 장초반 반등 확인 전에는 진입 보류. 전일 종가 회복 또는 장중 VWAP/시가 회복 확인 시 단기 진입 검토,20,34.49,83.33,2026-05-26,53000,51400,40200,43250,,2.51,-0.58,-22.24,-16.34,,반등 실패,"D+1(2026-05-26) 시가 +2.51%, 종가 -0.58%; D+5 -22.24%; D+10 -16.34%",성장기대반영,순이익증가,특이 리스크 제한적,"EPS낮음, 초고PER, 초고PBR, EV/EBITDA결측. 최근 순이익 방향은 순이익증가이며 분류는 성장기대반영."
2026-05-22,000720,현대건설,H01,매수 후보,관찰대상,다음 거래일 분할 진입 검토,up,2.18,150300,거래대금약함,DART공시동반,직접반응,외국인기관동반매수,555620,87546,-652883,다음 거래일 과도한 갭 상승이 없고 장초반 급락이 아니면 분할 진입 검토. 갭 급등 시 추격 금지,20,25.39,84.62,2026-05-26,157100,152000,138900,122300,,4.52,1.13,-7.58,-18.63,,상승 실패,"D+1(2026-05-26) 시가 +4.52%, 종가 +1.13%; D+5 -7.58%; D+10 -18.63%",기대과열가능,순이익불안정,이익 변동성,"EPS보통, 초고PER, 고PBR, EV/EBITDA결측. 최근 순이익 방향은 순이익불안정이며 분류는 기대과열가능."
2026-05-22,028260,삼성물산,H01,매수 후보,관찰대상,다음 거래일 분할 진입 검토,up,0.48,420500,거래대금약함,DART공시동반,직접반응,외국인기관동반매수,10277,119061,-119951,다음 거래일 과도한 갭 상승이 없고 장초반 급락이 아니면 분할 진입 검토. 갭 급등 시 추격 금지,20,25.39,84.62,2026-05-26,438500,411000,455000,429000,,4.28,-2.26,8.20,2.02,,상승 유지,"D+1(2026-05-26) 시가 +4.28%, 종가 -2.26%; D+5 +8.20%; D+10 +2.02%",성장기대반영,순이익증가,특이 리스크 제한적,"EPS높음, 고PER, 보통PBR, EV/EBITDA결측. 최근 순이익 방향은 순이익증가이며 분류는 성장기대반영."
2026-05-22,079550,LIG디펜스앤에어로스페이스,H01,매수 후보,관찰대상,다음 거래일 분할 진입 검토,up,7.31,925000,거래대금약함,DART공시동반,직접반응,외국인기관동반매수,60992,149795,-212888,다음 거래일 과도한 갭 상승이 없고 장초반 급락이 아니면 분할 진입 검토. 갭 급등 시 추격 금지,20,25.39,84.62,2026-05-26,918000,913000,776000,725000,,-0.76,-1.30,-16.11,-21.62,,상승 실패,"D+1(2026-05-26) 시가 -0.76%, 종가 -1.30%; D+5 -16.11%; D+10 -21.62%",성장기대반영,순이익증가,부채비율 부담,"EPS높음, 초고PER, 초고PBR, EV/EBITDA결측. 최근 순이익 방향은 순이익증가이며 분류는 성장기대반영."
2026-05-26,079550,LIG디펜스앤에어로스페이스,H02,반등 감시 후보,관찰대상,하락 이벤트 다음 거래일 반등 확인 후 단기 진입 검토,down,-1.3,913000,거래대금약함,DART공시동반,직접반응,외국인기관동반매수,81812,71153,-155032,다음 거래일 장초반 반등 확인 전에는 진입 보류. 전일 종가 회복 또는 장중 VWAP/시가 회복 확인 시 단기 진입 검토,20,34.49,83.33,2026-05-27,904000,875000,726000,,,-0.99,-4.16,-20.48,,,반등 실패,"D+1(2026-05-27) 시가 -0.99%, 종가 -4.16%; D+5 -20.48%",성장기대반영,순이익증가,부채비율 부담,"EPS높음, 초고PER, 초고PBR, EV/EBITDA결측. 최근 순이익 방향은 순이익증가이며 분류는 성장기대반영."
2026-05-26,000270,기아,H01,매수 후보,관찰대상,다음 거래일 분할 진입 검토,up,1.33,167000,거래대금약함,DART공시동반,직접반응,외국인기관동반매수,126959,81528,-207397,다음 거래일 과도한 갭 상승이 없고 장초반 급락이 아니면 분할 진입 검토. 갭 급등 시 추격 금지,20,25.39,84.62,2026-05-27,167300,164700,168800,,,0.18,-1.38,1.08,,,상승 유지,"D+1(2026-05-27) 시가 +0.18%, 종가 -1.38%; D+5 +1.08%",저평가후보,순이익증가,특이 리스크 제한적,"EPS높음, 저PER, 보통PBR, EV/EBITDA결측. 최근 순이익 방향은 순이익증가이며 분류는 저평가후보."
2026-05-26,000500,가온전선,H01,매수 후보,관찰대상,다음 거래일 분할 진입 검토,up,2.29,423500,거래대금약함,DART공시동반,직접반응,외국인기관동반매수,3143,30766,-35243,다음 거래일 과도한 갭 상승이 없고 장초반 급락이 아니면 분할 진입 검토. 갭 급등 시 추격 금지,20,25.39,84.62,2026-05-27,431000,385500,386000,,,1.77,-8.97,-8.85,,,상승 실패,"D+1(2026-05-27) 시가 +1.77%, 종가 -8.97%; D+5 -8.85%",성장기대반영,순이익증가,부채비율 부담,"EPS보통, 초고PER, 초고PBR, 초고EV/EBITDA. 최근 순이익 방향은 순이익증가이며 분류는 성장기대반영."
2026-05-26,005380,현대차,H01,매수 후보,관찰대상,다음 거래일 분할 진입 검토,up,5.19,689000,거래대금약함,DART공시동반,직접반응,외국인기관동반매수,108229,242140,-355172,다음 거래일 과도한 갭 상승이 없고 장초반 급락이 아니면 분할 진입 검토. 갭 급등 시 추격 금지,20,25.39,84.62,2026-05-27,691000,681000,729000,,,0.29,-1.16,5.81,,,상승 지속,"D+1(2026-05-27) 시가 +0.29%, 종가 -1.16%; D+5 +5.81%",이익체력양호후보,순이익정체,특이 리스크 제한적,"EPS높음, 보통PER, 보통PBR, EV/EBITDA결측. 최근 순이익 방향은 순이익정체이며 분류는 이익체력양호후보."
2026-05-26,009830,한화솔루션,H01,매수 후보,관찰대상,다음 거래일 분할 진입 검토,up,4.1,44450,거래대금약함,DART공시동반,직접반응,외국인기관동반매수,522464,341166,-843530,다음 거래일 과도한 갭 상승이 없고 장초반 급락이 아니면 분할 진입 검토. 갭 급등 시 추격 금지,20,25.39,84.62,2026-05-27,43750,42350,40800,,,-1.57,-4.72,-8.21,,,상승 실패,"D+1(2026-05-27) 시가 -1.57%, 종가 -4.72%; D+5 -8.21%",PER비교부적합,순이익감소,순손실,"EPS적자, PER무효, 보통PBR, EV/EBITDA결측. 최근 순이익 방향은 순이익감소이며 분류는 PER비교부적합."
2026-05-26,010170,대한광통신,H01,매수 후보,관찰대상,다음 거래일 분할 진입 검토,up,14.4,27800,거래대금약함,DART공시동반,직접반응,외국인기관동반매수,103526,145109,-237614,다음 거래일 과도한 갭 상승이 없고 장초반 급락이 아니면 분할 진입 검토. 갭 급등 시 추격 금지,20,25.39,84.62,2026-05-27,27800,27600,19300,,,0.00,-0.72,-30.58,,,상승 실패,"D+1(2026-05-27) 시가 +0.00%, 종가 -0.72%; D+5 -30.58%",PER비교부적합,순이익정체,"순손실, 부채비율 부담","EPS적자, PER무효, 초고PBR, EV/EBITDA결측. 최근 순이익 방향은 순이익정체이며 분류는 PER비교부적합."
2026-05-26,090710,휴림로봇,H01,매수 후보,관찰대상,다음 거래일 분할 진입 검토,up,1.46,11810,거래대금약함,DART공시동반,직접반응,외국인기관동반매수,137059,36944,-160985,다음 거래일 과도한 갭 상승이 없고 장초반 급락이 아니면 분할 진입 검토. 갭 급등 시 추격 금지,20,25.39,84.62,2026-05-27,11810,10990,10940,,,0.00,-6.94,-7.37,,,상승 실패,"D+1(2026-05-27) 시가 +0.00%, 종가 -6.94%; D+5 -7.37%",PER비교부적합,순이익감소,순손실,"EPS적자, PER무효, 초고PBR, EV/EBITDA결측. 최근 순이익 방향은 순이익감소이며 분류는 PER비교부적합."
2026-05-27,009830,한화솔루션,H02,반등 감시 후보,관찰대상,하락 이벤트 다음 거래일 반등 확인 후 단기 진입 검토,down,-4.72,42350,거래대금약함,DART공시동반,직접반응,외국인기관동반매수,602789,524818,-1116659,다음 거래일 장초반 반등 확인 전에는 진입 보류. 전일 종가 회복 또는 장중 VWAP/시가 회복 확인 시 단기 진입 검토,20,34.49,83.33,2026-05-28,42650,40700,39900,,,0.71,-3.90,-5.79,,,반등 실패,"D+1(2026-05-28) 시가 +0.71%, 종가 -3.90%; D+5 -5.79%",PER비교부적합,순이익감소,순손실,"EPS적자, PER무효, 보통PBR, EV/EBITDA결측. 최근 순이익 방향은 순이익감소이며 분류는 PER비교부적합."
2026-05-27,069540,빛과전자,H02,반등 감시 후보,관찰대상,하락 이벤트 다음 거래일 반등 확인 후 단기 진입 검토,down,-8.87,6370,거래대금약함,DART공시동반,직접반응,외국인기관동반매수,4984085,18906,-4913020,다음 거래일 장초반 반등 확인 전에는 진입 보류. 전일 종가 회복 또는 장중 VWAP/시가 회복 확인 시 단기 진입 검토,20,34.49,83.33,2026-05-28,6470,5600,4185,,,1.57,-12.09,-34.30,,,반등 실패,"D+1(2026-05-28) 시가 +1.57%, 종가 -12.09%; D+5 -34.30%",PER비교부적합,순이익정체,순손실,"EPS적자, PER무효, 초고PBR, EV/EBITDA결측. 최근 순이익 방향은 순이익정체이며 분류는 PER비교부적합."
2026-05-27,079550,LIG디펜스앤에어로스페이스,H02,반등 감시 후보,관찰대상,하락 이벤트 다음 거래일 반등 확인 후 단기 진입 검토,down,-4.16,875000,거래대금약함,DART공시동반,직접반응,외국인기관동반매수,41937,65529,-107277,다음 거래일 장초반 반등 확인 전에는 진입 보류. 전일 종가 회복 또는 장중 VWAP/시가 회복 확인 시 단기 진입 검토,20,34.49,83.33,2026-05-28,882000,856000,733000,,,0.80,-2.17,-16.23,,,반등 실패,"D+1(2026-05-28) 시가 +0.80%, 종가 -2.17%; D+5 -16.23%",성장기대반영,순이익증가,부채비율 부담,"EPS높음, 초고PER, 초고PBR, EV/EBITDA결측. 최근 순이익 방향은 순이익증가이며 분류는 성장기대반영."
2026-05-28,009830,한화솔루션,H02,반등 감시 후보,관찰대상,하락 이벤트 다음 거래일 반등 확인 후 단기 진입 검토,down,-3.9,40700,거래대금약함,DART공시동반,직접반응,외국인기관동반매수,193255,208250,-398307,다음 거래일 장초반 반등 확인 전에는 진입 보류. 전일 종가 회복 또는 장중 VWAP/시가 회복 확인 시 단기 진입 검토,20,34.49,83.33,2026-05-29,41350,41850,38400,,,1.60,2.83,-5.65,,,반등 실패,"D+1(2026-05-29) 시가 +1.60%, 종가 +2.83%; D+5 -5.65%",PER비교부적합,순이익감소,순손실,"EPS적자, PER무효, 보통PBR, EV/EBITDA결측. 최근 순이익 방향은 순이익감소이며 분류는 PER비교부적합."
2026-05-28,100790,미래에셋벤처투자,H02,반등 감시 후보,관찰대상,하락 이벤트 다음 거래일 반등 확인 후 단기 진입 검토,down,-5.16,53300,거래대금약함,DART공시동반,직접반응,외국인기관동반매수,206249,16198,-48740,다음 거래일 장초반 반등 확인 전에는 진입 보류. 전일 종가 회복 또는 장중 VWAP/시가 회복 확인 시 단기 진입 검토,20,34.49,83.33,2026-05-29,53800,49000,39800,,,0.94,-8.07,-25.33,,,반등 실패,"D+1(2026-05-29) 시가 +0.94%, 종가 -8.07%; D+5 -25.33%",기대과열가능,순이익불안정,이익 변동성,"EPS낮음, 초고PER, 초고PBR, EV/EBITDA결측. 최근 순이익 방향은 순이익불안정이며 분류는 기대과열가능."
2026-05-28,203650,드림시큐리티,H02,반등 감시 후보,관찰대상,하락 이벤트 다음 거래일 반등 확인 후 단기 진입 검토,down,-8.29,3485,거래대금약함,DART공시동반,직접반응,외국인기관동반매수,2524249,59,-2490685,다음 거래일 장초반 반등 확인 전에는 진입 보류. 전일 종가 회복 또는 장중 VWAP/시가 회복 확인 시 단기 진입 검토,20,34.49,83.33,2026-05-29,3790,3490,3085,,,8.75,0.14,-11.48,,,반등 실패,"D+1(2026-05-29) 시가 +8.75%, 종가 +0.14%; D+5 -11.48%",성장기대반영,순이익증가,부채비율 부담,"EPS낮음, 고PER, 초고PBR, EV/EBITDA결측. 최근 순이익 방향은 순이익증가이며 분류는 성장기대반영."
2026-05-29,017900,광전자,H02,반등 감시 후보,관찰대상,하락 이벤트 다음 거래일 반등 확인 후 단기 진입 검토,down,-5.54,10580,거래대금약함,DART공시동반,직접반응,외국인기관동반매수,286776,3279,-294089,다음 거래일 장초반 반등 확인 전에는 진입 보류. 전일 종가 회복 또는 장중 VWAP/시가 회복 확인 시 단기 진입 검토,20,34.49,83.33,2026-06-01,10580,9600,7760,,,0.00,-9.26,-26.65,,,반등 실패,"D+1(2026-06-01) 시가 +0.00%, 종가 -9.26%; D+5 -26.65%",성장기대반영,순이익증가,특이 리스크 제한적,"EPS낮음, 초고PER, 고PBR, 낮은EV/EBITDA. 최근 순이익 방향은 순이익증가이며 분류는 성장기대반영."
2026-05-29,079550,LIG디펜스앤에어로스페이스,H02,반등 감시 후보,관찰대상,하락 이벤트 다음 거래일 반등 확인 후 단기 진입 검토,down,-6.43,801000,거래대금약함,DART공시동반,직접반응,외국인기관동반매수,3524,18737,-21291,다음 거래일 장초반 반등 확인 전에는 진입 보류. 전일 종가 회복 또는 장중 VWAP/시가 회복 확인 시 단기 진입 검토,20,34.49,83.33,2026-06-01,780000,776000,696000,,,-2.62,-3.12,-13.11,,,반등 실패,"D+1(2026-06-01) 시가 -2.62%, 종가 -3.12%; D+5 -13.11%",성장기대반영,순이익증가,부채비율 부담,"EPS높음, 초고PER, 초고PBR, EV/EBITDA결측. 최근 순이익 방향은 순이익증가이며 분류는 성장기대반영."
2026-05-29,100790,미래에셋벤처투자,H02,반등 감시 후보,관찰대상,하락 이벤트 다음 거래일 반등 확인 후 단기 진입 검토,down,-8.07,49000,거래대금약함,DART공시동반,직접반응,외국인기관동반매수,440001,15012,-281759,다음 거래일 장초반 반등 확인 전에는 진입 보류. 전일 종가 회복 또는 장중 VWAP/시가 회복 확인 시 단기 진입 검토,20,34.49,83.33,2026-06-01,48000,43850,38150,,,-2.04,-10.51,-22.14,,,반등 실패,"D+1(2026-06-01) 시가 -2.04%, 종가 -10.51%; D+5 -22.14%",기대과열가능,순이익불안정,이익 변동성,"EPS낮음, 초고PER, 초고PBR, EV/EBITDA결측. 최근 순이익 방향은 순이익불안정이며 분류는 기대과열가능."
2026-05-29,452260,한화갤러리아,H02,반등 감시 후보,관찰대상,하락 이벤트 다음 거래일 반등 확인 후 단기 진입 검토,down,-1.95,3010,거래대금약함,DART공시동반,직접반응,외국인기관동반매수,201954,232713,-678606,다음 거래일 장초반 반등 확인 전에는 진입 보류. 전일 종가 회복 또는 장중 VWAP/시가 회복 확인 시 단기 진입 검토,20,34.49,83.33,2026-06-01,3020,2895,2395,,,0.33,-3.82,-20.43,,,반등 실패,"D+1(2026-06-01) 시가 +0.33%, 종가 -3.82%; D+5 -20.43%",기대과열가능,순이익불안정,"순손실, 이익 변동성","EPS낮음, 초고PER, 보통PBR, EV/EBITDA결측. 최근 순이익 방향은 순이익불안정이며 분류는 기대과열가능."
2026-05-29,009830,한화솔루션,H01,매수 후보,관찰대상,다음 거래일 분할 진입 검토,up,2.83,41850,거래대금약함,DART공시동반,직접반응,외국인기관동반매수,553172,12070,-574496,다음 거래일 과도한 갭 상승이 없고 장초반 급락이 아니면 분할 진입 검토. 갭 급등 시 추격 금지,20,25.39,84.62,2026-06-01,41050,40600,34750,,,-1.91,-2.99,-16.97,,,상승 실패,"D+1(2026-06-01) 시가 -1.91%, 종가 -2.99%; D+5 -16.97%",PER비교부적합,순이익감소,순손실,"EPS적자, PER무효, 보통PBR, EV/EBITDA결측. 최근 순이익 방향은 순이익감소이며 분류는 PER비교부적합."
2026-06-01,007610,선도전기,H02,반등 감시 후보,관찰대상,하락 이벤트 다음 거래일 반등 확인 후 단기 진입 검토,down,-5.87,7220,거래대금약함,DART공시동반,직접반응,외국인기관동반매수,147361,907,-144239,다음 거래일 장초반 반등 확인 전에는 진입 보류. 전일 종가 회복 또는 장중 VWAP/시가 회복 확인 시 단기 진입 검토,20,34.49,83.33,2026-06-02,7220,6750,5690,,,0.00,-6.51,-21.19,,,반등 실패,"D+1(2026-06-02) 시가 +0.00%, 종가 -6.51%; D+5 -21.19%",기대과열가능,순이익불안정,이익 변동성,"EPS낮음, 고PER, 초고PBR, EV/EBITDA결측. 최근 순이익 방향은 순이익불안정이며 분류는 기대과열가능."
2026-06-01,017900,광전자,H02,반등 감시 후보,관찰대상,하락 이벤트 다음 거래일 반등 확인 후 단기 진입 검토,down,-9.26,9600,거래대금약함,DART공시동반,직접반응,외국인기관동반매수,325681,1128,-323967,다음 거래일 장초반 반등 확인 전에는 진입 보류. 전일 종가 회복 또는 장중 VWAP/시가 회복 확인 시 단기 진입 검토,20,34.49,83.33,2026-06-02,9500,8900,9190,,,-1.04,-7.29,-4.27,,,반등 중립,"D+1(2026-06-02) 시가 -1.04%, 종가 -7.29%; D+5 -4.27%",성장기대반영,순이익증가,특이 리스크 제한적,"EPS낮음, 초고PER, 고PBR, 낮은EV/EBITDA. 최근 순이익 방향은 순이익증가이며 분류는 성장기대반영."
2026-06-01,336260,두산퓨얼셀,H02,반등 감시 후보,관찰대상,하락 이벤트 다음 거래일 반등 확인 후 단기 진입 검토,down,-1.97,89600,거래대금약함,DART공시동반,직접반응,외국인기관동반매수,2509,19109,-40538,다음 거래일 장초반 반등 확인 전에는 진입 보류. 전일 종가 회복 또는 장중 VWAP/시가 회복 확인 시 단기 진입 검토,20,34.49,83.33,2026-06-02,85200,82800,72000,,,-4.91,-7.59,-19.64,,,반등 실패,"D+1(2026-06-02) 시가 -4.91%, 종가 -7.59%; D+5 -19.64%",PER비교부적합,순이익감소,"순손실, 부채비율 부담","EPS적자, PER무효, 초고PBR, EV/EBITDA결측. 최근 순이익 방향은 순이익감소이며 분류는 PER비교부적합."
2026-06-01,452260,한화갤러리아,H02,반등 감시 후보,관찰대상,하락 이벤트 다음 거래일 반등 확인 후 단기 진입 검토,down,-3.82,2895,거래대금약함,DART공시동반,직접반응,외국인기관동반매수,315425,106641,-278522,다음 거래일 장초반 반등 확인 전에는 진입 보류. 전일 종가 회복 또는 장중 VWAP/시가 회복 확인 시 단기 진입 검토,20,34.49,83.33,2026-06-02,2875,2760,2480,,,-0.69,-4.66,-14.34,,,반등 실패,"D+1(2026-06-02) 시가 -0.69%, 종가 -4.66%; D+5 -14.34%",기대과열가능,순이익불안정,"순손실, 이익 변동성","EPS낮음, 초고PER, 보통PBR, EV/EBITDA결측. 최근 순이익 방향은 순이익불안정이며 분류는 기대과열가능."
2026-06-02,007610,선도전기,H02,반등 감시 후보,관찰대상,하락 이벤트 다음 거래일 반등 확인 후 단기 진입 검토,down,-6.51,6750,거래대금약함,DART공시동반,직접반응,외국인기관동반매수,253928,948,-252912,다음 거래일 장초반 반등 확인 전에는 진입 보류. 전일 종가 회복 또는 장중 VWAP/시가 회복 확인 시 단기 진입 검토,20,34.49,83.33,2026-06-04,6700,6600,,,,-0.74,-2.22,,,,반등 중립,"D+1(2026-06-04) 시가 -0.74%, 종가 -2.22%",기대과열가능,순이익불안정,이익 변동성,"EPS낮음, 고PER, 초고PBR, EV/EBITDA결측. 최근 순이익 방향은 순이익불안정이며 분류는 기대과열가능."
2026-06-02,017900,광전자,H02,반등 감시 후보,관찰대상,하락 이벤트 다음 거래일 반등 확인 후 단기 진입 검토,down,-7.29,8900,거래대금약함,DART공시동반,직접반응,외국인기관동반매수,556101,179,-575641,다음 거래일 장초반 반등 확인 전에는 진입 보류. 전일 종가 회복 또는 장중 VWAP/시가 회복 확인 시 단기 진입 검토,20,34.49,83.33,2026-06-04,9130,9680,,,,2.58,8.76,,,,반등 성공,"D+1(2026-06-04) 시가 +2.58%, 종가 +8.76%",성장기대반영,순이익증가,특이 리스크 제한적,"EPS낮음, 초고PER, 고PBR, 낮은EV/EBITDA. 최근 순이익 방향은 순이익증가이며 분류는 성장기대반영."
2026-06-02,027360,아주IB투자,H02,반등 감시 후보,관찰대상,하락 이벤트 다음 거래일 반등 확인 후 단기 진입 검토,down,-9.15,10320,거래대금약함,DART공시동반,직접반응,외국인기관동반매수,6498307,271401,-3058336,다음 거래일 장초반 반등 확인 전에는 진입 보류. 전일 종가 회복 또는 장중 VWAP/시가 회복 확인 시 단기 진입 검토,20,34.49,83.33,2026-06-04,10680,10240,,,,3.49,-0.78,,,,반등 중립,"D+1(2026-06-04) 시가 +3.49%, 종가 -0.78%",성장기대반영,순이익증가,특이 리스크 제한적,"EPS낮음, 초고PER, 초고PBR, 초고EV/EBITDA. 최근 순이익 방향은 순이익증가이며 분류는 성장기대반영."
2026-06-02,038500,삼표시멘트,H02,반등 감시 후보,관찰대상,하락 이벤트 다음 거래일 반등 확인 후 단기 진입 검토,down,-1.33,11830,거래대금약함,DART공시동반,직접반응,외국인기관동반매수,450532,944,-446296,다음 거래일 장초반 반등 확인 전에는 진입 보류. 전일 종가 회복 또는 장중 VWAP/시가 회복 확인 시 단기 진입 검토,20,34.49,83.33,2026-06-04,9450,10530,,,,-20.12,-10.99,,,,반등 실패,"D+1(2026-06-04) 시가 -20.12%, 종가 -10.99%",기대과열가능,순이익불안정,이익 변동성,"EPS낮음, 고PER, 고PBR, EV/EBITDA결측. 최근 순이익 방향은 순이익불안정이며 분류는 기대과열가능."
2026-06-02,079550,LIG디펜스앤에어로스페이스,H02,반등 감시 후보,관찰대상,하락 이벤트 다음 거래일 반등 확인 후 단기 진입 검토,down,-6.44,726000,거래대금약함,DART공시동반,직접반응,외국인기관동반매수,64083,13982,-73621,다음 거래일 장초반 반등 확인 전에는 진입 보류. 전일 종가 회복 또는 장중 VWAP/시가 회복 확인 시 단기 진입 검토,20,34.49,83.33,2026-06-04,720000,733000,,,,-0.83,0.96,,,,단기 반등,"D+1(2026-06-04) 시가 -0.83%, 종가 +0.96%",성장기대반영,순이익증가,부채비율 부담,"EPS높음, 초고PER, 초고PBR, EV/EBITDA결측. 최근 순이익 방향은 순이익증가이며 분류는 성장기대반영."
2026-06-02,452260,한화갤러리아,H02,반등 감시 후보,관찰대상,하락 이벤트 다음 거래일 반등 확인 후 단기 진입 검토,down,-4.66,2760,거래대금약함,DART공시동반,직접반응,외국인기관동반매수,48224,71504,-3327,다음 거래일 장초반 반등 확인 전에는 진입 보류. 전일 종가 회복 또는 장중 VWAP/시가 회복 확인 시 단기 진입 검토,20,34.49,83.33,2026-06-04,2750,2785,,,,-0.36,0.91,,,,단기 반등,"D+1(2026-06-04) 시가 -0.36%, 종가 +0.91%",기대과열가능,순이익불안정,"순손실, 이익 변동성","EPS낮음, 초고PER, 보통PBR, EV/EBITDA결측. 최근 순이익 방향은 순이익불안정이며 분류는 기대과열가능."
2026-06-04,003280,흥아해운,H02,반등 감시 후보,관찰대상,하락 이벤트 다음 거래일 반등 확인 후 단기 진입 검토,down,-1.42,1949,거래대금약함,DART공시동반,직접반응,외국인기관동반매수,2142979,290,-2085641,다음 거래일 장초반 반등 확인 전에는 진입 보류. 전일 종가 회복 또는 장중 VWAP/시가 회복 확인 시 단기 진입 검토,20,34.49,83.33,2026-06-05,1930,1950,,,,-0.97,0.05,,,,단기 반등,"D+1(2026-06-05) 시가 -0.97%, 종가 +0.05%",중립,순이익증가,특이 리스크 제한적,"EPS낮음, 보통PER, 고PBR, EV/EBITDA결측. 최근 순이익 방향은 순이익증가이며 분류는 중립."
2026-06-04,007610,선도전기,H02,반등 감시 후보,관찰대상,하락 이벤트 다음 거래일 반등 확인 후 단기 진입 검토,down,-2.22,6600,거래대금약함,DART공시동반,직접반응,외국인기관동반매수,150086,340,-150297,다음 거래일 장초반 반등 확인 전에는 진입 보류. 전일 종가 회복 또는 장중 VWAP/시가 회복 확인 시 단기 진입 검토,20,34.49,83.33,2026-06-05,6600,5990,,,,0.00,-9.24,,,,반등 실패,"D+1(2026-06-05) 시가 +0.00%, 종가 -9.24%",기대과열가능,순이익불안정,이익 변동성,"EPS낮음, 고PER, 초고PBR, EV/EBITDA결측. 최근 순이익 방향은 순이익불안정이며 분류는 기대과열가능."
2026-06-04,007660,이수페타시스,H02,반등 감시 후보,관찰대상,하락 이벤트 다음 거래일 반등 확인 후 단기 진입 검토,down,-1.91,133700,거래대금약함,DART공시동반,직접반응,외국인기관동반매수,375505,134936,-511763,다음 거래일 장초반 반등 확인 전에는 진입 보류. 전일 종가 회복 또는 장중 VWAP/시가 회복 확인 시 단기 진입 검토,20,34.49,83.33,2026-06-05,128400,120900,,,,-3.96,-9.57,,,,반등 실패,"D+1(2026-06-05) 시가 -3.96%, 종가 -9.57%",,,,
2026-06-04,009830,한화솔루션,H02,반등 감시 후보,관찰대상,하락 이벤트 다음 거래일 반등 확인 후 단기 진입 검토,down,-2.21,39900,거래대금약함,DART공시동반,직접반응,외국인기관동반매수,408051,191270,-587745,다음 거래일 장초반 반등 확인 전에는 진입 보류. 전일 종가 회복 또는 장중 VWAP/시가 회복 확인 시 단기 진입 검토,20,34.49,83.33,2026-06-05,39300,38400,,,,-1.50,-3.76,,,,반등 중립,"D+1(2026-06-05) 시가 -1.50%, 종가 -3.76%",PER비교부적합,순이익감소,순손실,"EPS적자, PER무효, 보통PBR, EV/EBITDA결측. 최근 순이익 방향은 순이익감소이며 분류는 PER비교부적합."
2026-06-04,012200,계양전기,H02,반등 감시 후보,관찰대상,하락 이벤트 다음 거래일 반등 확인 후 단기 진입 검토,down,-0.15,6820,거래대금약함,DART공시동반,직접반응,외국인기관동반매수,242332,44782,-309291,다음 거래일 장초반 반등 확인 전에는 진입 보류. 전일 종가 회복 또는 장중 VWAP/시가 회복 확인 시 단기 진입 검토,20,34.49,83.33,2026-06-05,6820,6740,,,,0.00,-1.17,,,,반등 중립,"D+1(2026-06-05) 시가 +0.00%, 종가 -1.17%",PER비교부적합,순이익불안정,"부채비율 부담, 이익 변동성","EPS적자, PER무효, 초고PBR, EV/EBITDA결측. 최근 순이익 방향은 순이익불안정이며 분류는 PER비교부적합."
2026-06-04,027360,아주IB투자,H02,반등 감시 후보,관찰대상,하락 이벤트 다음 거래일 반등 확인 후 단기 진입 검토,down,-0.78,10240,거래대금약함,DART공시동반,직접반응,외국인기관동반매수,4205754,149122,-683203,다음 거래일 장초반 반등 확인 전에는 진입 보류. 전일 종가 회복 또는 장중 VWAP/시가 회복 확인 시 단기 진입 검토,20,34.49,83.33,2026-06-05,10110,9700,,,,-1.27,-5.27,,,,반등 실패,"D+1(2026-06-05) 시가 -1.27%, 종가 -5.27%",성장기대반영,순이익증가,특이 리스크 제한적,"EPS낮음, 초고PER, 초고PBR, 초고EV/EBITDA. 최근 순이익 방향은 순이익증가이며 분류는 성장기대반영."
2026-06-04,006340,대원전선,H01,매수 후보,관찰대상,다음 거래일 분할 진입 검토,up,0.18,11130,거래대금약함,DART공시동반,직접반응,외국인기관동반매수,1044117,92181,-1139688,다음 거래일 과도한 갭 상승이 없고 장초반 급락이 아니면 분할 진입 검토. 갭 급등 시 추격 금지,20,25.39,84.62,2026-06-05,10760,10510,,,,-3.32,-5.57,,,,상승 실패,"D+1(2026-06-05) 시가 -3.32%, 종가 -5.57%",성장기대반영,순이익증가,특이 리스크 제한적,"EPS낮음, 초고PER, 초고PBR, EV/EBITDA결측. 최근 순이익 방향은 순이익증가이며 분류는 성장기대반영."
2026-06-04,079550,LIG디펜스앤에어로스페이스,H01,매수 후보,관찰대상,다음 거래일 분할 진입 검토,up,0.96,733000,거래대금약함,DART공시동반,직접반응,외국인기관동반매수,21203,37749,-53629,다음 거래일 과도한 갭 상승이 없고 장초반 급락이 아니면 분할 진입 검토. 갭 급등 시 추격 금지,20,25.39,84.62,2026-06-05,731000,726000,,,,-0.27,-0.95,,,,단기 되돌림,"D+1(2026-06-05) 시가 -0.27%, 종가 -0.95%",성장기대반영,순이익증가,부채비율 부담,"EPS높음, 초고PER, 초고PBR, EV/EBITDA결측. 최근 순이익 방향은 순이익증가이며 분류는 성장기대반영."
2026-06-05,006340,대원전선,H02,반등 감시 후보,관찰대상,하락 이벤트 다음 거래일 반등 확인 후 단기 진입 검토,down,-5.57,10510,거래대금약함,DART공시동반,직접반응,외국인기관동반매수,1512450,77531,-1591348,다음 거래일 장초반 반등 확인 전에는 진입 보류. 전일 종가 회복 또는 장중 VWAP/시가 회복 확인 시 단기 진입 검토,20,34.49,83.33,2026-06-08,9870,9800,,,,-6.09,-6.76,,,,반등 실패,"D+1(2026-06-08) 시가 -6.09%, 종가 -6.76%",성장기대반영,순이익증가,특이 리스크 제한적,"EPS낮음, 초고PER, 초고PBR, EV/EBITDA결측. 최근 순이익 방향은 순이익증가이며 분류는 성장기대반영."
2026-06-05,007610,선도전기,H02,반등 감시 후보,관찰대상,하락 이벤트 다음 거래일 반등 확인 후 단기 진입 검토,down,-9.24,5990,거래대금약함,DART공시동반,직접반응,외국인기관동반매수,237957,349,-238177,다음 거래일 장초반 반등 확인 전에는 진입 보류. 전일 종가 회복 또는 장중 VWAP/시가 회복 확인 시 단기 진입 검토,20,34.49,83.33,2026-06-08,5210,5520,,,,-13.02,-7.85,,,,반등 실패,"D+1(2026-06-08) 시가 -13.02%, 종가 -7.85%",기대과열가능,순이익불안정,이익 변동성,"EPS낮음, 고PER, 초고PBR, EV/EBITDA결측. 최근 순이익 방향은 순이익불안정이며 분류는 기대과열가능."
2026-06-05,009830,한화솔루션,H02,반등 감시 후보,관찰대상,하락 이벤트 다음 거래일 반등 확인 후 단기 진입 검토,down,-3.76,38400,거래대금약함,DART공시동반,직접반응,외국인기관동반매수,287086,328592,-606261,다음 거래일 장초반 반등 확인 전에는 진입 보류. 전일 종가 회복 또는 장중 VWAP/시가 회복 확인 시 단기 진입 검토,20,34.49,83.33,2026-06-08,35300,34750,,,,-8.07,-9.51,,,,반등 실패,"D+1(2026-06-08) 시가 -8.07%, 종가 -9.51%",PER비교부적합,순이익감소,순손실,"EPS적자, PER무효, 보통PBR, EV/EBITDA결측. 최근 순이익 방향은 순이익감소이며 분류는 PER비교부적합."
2026-06-05,012200,계양전기,H02,반등 감시 후보,관찰대상,하락 이벤트 다음 거래일 반등 확인 후 단기 진입 검토,down,-1.17,6740,거래대금약함,DART공시동반,직접반응,외국인기관동반매수,271661,57492,-378128,다음 거래일 장초반 반등 확인 전에는 진입 보류. 전일 종가 회복 또는 장중 VWAP/시가 회복 확인 시 단기 진입 검토,20,34.49,83.33,2026-06-08,5900,6210,,,,-12.46,-7.86,,,,반등 실패,"D+1(2026-06-08) 시가 -12.46%, 종가 -7.86%",PER비교부적합,순이익불안정,"부채비율 부담, 이익 변동성","EPS적자, PER무효, 초고PBR, EV/EBITDA결측. 최근 순이익 방향은 순이익불안정이며 분류는 PER비교부적합."
2026-06-05,027360,아주IB투자,H02,반등 감시 후보,관찰대상,하락 이벤트 다음 거래일 반등 확인 후 단기 진입 검토,down,-5.27,9700,거래대금약함,DART공시동반,직접반응,외국인기관동반매수,4419754,80584,-830156,다음 거래일 장초반 반등 확인 전에는 진입 보류. 전일 종가 회복 또는 장중 VWAP/시가 회복 확인 시 단기 진입 검토,20,34.49,83.33,2026-06-08,8590,8800,,,,-11.44,-9.28,,,,반등 실패,"D+1(2026-06-08) 시가 -11.44%, 종가 -9.28%",성장기대반영,순이익증가,특이 리스크 제한적,"EPS낮음, 초고PER, 초고PBR, 초고EV/EBITDA. 최근 순이익 방향은 순이익증가이며 분류는 성장기대반영."
2026-06-05,079550,LIG디펜스앤에어로스페이스,H02,반등 감시 후보,관찰대상,하락 이벤트 다음 거래일 반등 확인 후 단기 진입 검토,down,-0.95,726000,거래대금약함,DART공시동반,직접반응,외국인기관동반매수,41785,40011,-76369,다음 거래일 장초반 반등 확인 전에는 진입 보류. 전일 종가 회복 또는 장중 VWAP/시가 회복 확인 시 단기 진입 검토,20,34.49,83.33,2026-06-08,660000,696000,,,,-9.09,-4.13,,,,반등 중립,"D+1(2026-06-08) 시가 -9.09%, 종가 -4.13%",성장기대반영,순이익증가,부채비율 부담,"EPS높음, 초고PER, 초고PBR, EV/EBITDA결측. 최근 순이익 방향은 순이익증가이며 분류는 성장기대반영."
2026-06-05,080220,제주반도체,H02,반등 감시 후보,관찰대상,하락 이벤트 다음 거래일 반등 확인 후 단기 진입 검토,down,-12.86,93500,거래대금약함,DART공시동반,직접반응,외국인기관동반매수,161607,31457,-230346,다음 거래일 장초반 반등 확인 전에는 진입 보류. 전일 종가 회복 또는 장중 VWAP/시가 회복 확인 시 단기 진입 검토,20,34.49,83.33,2026-06-08,82900,95500,,,,-11.34,2.14,,,,단기 반등,"D+1(2026-06-08) 시가 -11.34%, 종가 +2.14%",성장기대반영,순이익증가,특이 리스크 제한적,"EPS보통, 초고PER, 초고PBR, EV/EBITDA결측. 최근 순이익 방향은 순이익증가이며 분류는 성장기대반영."
2026-06-05,108490,로보티즈,H02,반등 감시 후보,관찰대상,하락 이벤트 다음 거래일 반등 확인 후 단기 진입 검토,down,-6.7,320500,거래대금약함,DART공시동반,직접반응,외국인기관동반매수,48112,99042,-143747,다음 거래일 장초반 반등 확인 전에는 진입 보류. 전일 종가 회복 또는 장중 VWAP/시가 회복 확인 시 단기 진입 검토,20,34.49,83.33,2026-06-08,300000,289500,,,,-6.40,-9.67,,,,반등 실패,"D+1(2026-06-08) 시가 -6.40%, 종가 -9.67%",,,,
2026-06-05,203650,드림시큐리티,H02,반등 감시 후보,관찰대상,하락 이벤트 다음 거래일 반등 확인 후 단기 진입 검토,down,-4.19,3085,거래대금약함,DART공시동반,직접반응,외국인기관동반매수,235051,22471,-280583,다음 거래일 장초반 반등 확인 전에는 진입 보류. 전일 종가 회복 또는 장중 VWAP/시가 회복 확인 시 단기 진입 검토,20,34.49,83.33,2026-06-08,2565,3015,,,,-16.86,-2.27,,,,반등 중립,"D+1(2026-06-08) 시가 -16.86%, 종가 -2.27%",성장기대반영,순이익증가,부채비율 부담,"EPS낮음, 고PER, 초고PBR, EV/EBITDA결측. 최근 순이익 방향은 순이익증가이며 분류는 성장기대반영."
2026-06-05,373220,LG에너지솔루션,H02,반등 감시 후보,관찰대상,하락 이벤트 다음 거래일 반등 확인 후 단기 진입 검토,down,-1.9,414000,거래대금약함,DART공시동반,직접반응,외국인기관동반매수,175577,83577,-57350,다음 거래일 장초반 반등 확인 전에는 진입 보류. 전일 종가 회복 또는 장중 VWAP/시가 회복 확인 시 단기 진입 검토,20,34.49,83.33,2026-06-08,388500,388500,,,,-6.16,-6.16,,,,반등 실패,"D+1(2026-06-08) 시가 -6.16%, 종가 -6.16%",PER비교부적합,순이익감소,순손실,"EPS적자, PER무효, 초고PBR, EV/EBITDA결측. 최근 순이익 방향은 순이익감소이며 분류는 PER비교부적합."
2026-06-05,003280,흥아해운,H01,매수 후보,관찰대상,다음 거래일 분할 진입 검토,up,0.05,1950,거래대금약함,DART공시동반,직접반응,외국인기관동반매수,2762251,641,-2705797,다음 거래일 과도한 갭 상승이 없고 장초반 급락이 아니면 분할 진입 검토. 갭 급등 시 추격 금지,20,25.39,84.62,2026-06-08,1886,1893,,,,-3.28,-2.92,,,,단기 되돌림,"D+1(2026-06-08) 시가 -3.28%, 종가 -2.92%",중립,순이익증가,특이 리스크 제한적,"EPS낮음, 보통PER, 고PBR, EV/EBITDA결측. 최근 순이익 방향은 순이익증가이며 분류는 중립."
2026-06-05,066430,아이로보틱스,H01,매수 후보,관찰대상,다음 거래일 분할 진입 검토,up,29.84,3285,거래대금약함,DART공시동반,직접반응,외국인기관동반매수,354280,2850,-378414,다음 거래일 과도한 갭 상승이 없고 장초반 급락이 아니면 분할 진입 검토. 갭 급등 시 추격 금지,20,25.39,84.62,2026-06-08,3380,4270,,,,2.89,29.98,,,,상승 지속,"D+1(2026-06-08) 시가 +2.89%, 종가 +29.98%",PER비교부적합,순이익불안정,이익 변동성,"EPS적자, PER무효, 초고PBR, 높은EV/EBITDA. 최근 순이익 방향은 순이익불안정이며 분류는 PER비교부적합."
2026-06-08,028050,삼성E&A,H02,반등 감시 후보,관찰대상,하락 이벤트 다음 거래일 반등 확인 후 단기 진입 검토,down,-8.07,44450,거래대금약함,DART공시동반,직접반응,외국인기관동반매수,316823,86862,-407258,다음 거래일 장초반 반등 확인 전에는 진입 보류. 전일 종가 회복 또는 장중 VWAP/시가 회복 확인 시 단기 진입 검토,20,34.49,83.33,2026-06-09,45100,46450,,,,1.46,4.50,,,,단기 반등,"D+1(2026-06-09) 시가 +1.46%, 종가 +4.50%",중립,순이익정체,특이 리스크 제한적,"EPS보통, 보통PER, 고PBR, EV/EBITDA결측. 최근 순이익 방향은 순이익정체이며 분류는 중립."
2026-06-08,319400,현대무벡스,H02,반등 감시 후보,관찰대상,하락 이벤트 다음 거래일 반등 확인 후 단기 진입 검토,down,-0.15,33050,거래대금약함,DART공시동반,직접반응,외국인기관동반매수,552226,54691,-604864,다음 거래일 장초반 반등 확인 전에는 진입 보류. 전일 종가 회복 또는 장중 VWAP/시가 회복 확인 시 단기 진입 검토,20,34.49,83.33,2026-06-09,34700,34800,,,,4.99,5.30,,,,반등 성공,"D+1(2026-06-09) 시가 +4.99%, 종가 +5.30%",기대과열가능,순이익불안정,이익 변동성,"EPS낮음, 초고PER, 초고PBR, EV/EBITDA결측. 최근 순이익 방향은 순이익불안정이며 분류는 기대과열가능."
2026-06-09,001440,대한전선,H01,매수 후보,관찰대상,다음 거래일 분할 진입 검토,up,3.89,38700,거래대금약함,DART공시동반,직접반응,외국인기관동반매수,5553152,61642,868515,다음 거래일 과도한 갭 상승이 없고 장초반 급락이 아니면 분할 진입 검토. 갭 급등 시 추격 금지,20,25.39,84.62,,,,,,,,,,,,,,성장기대반영,순이익증가,특이 리스크 제한적,"EPS낮음, 초고PER, 초고PBR, EV/EBITDA결측. 최근 순이익 방향은 순이익증가이며 분류는 성장기대반영."
2026-06-09,028050,삼성E&A,H01,매수 후보,관찰대상,다음 거래일 분할 진입 검토,up,4.50,46450,거래대금약함,DART공시동반,직접반응,외국인기관동반매수,282493,200842,-487539,다음 거래일 과도한 갭 상승이 없고 장초반 급락이 아니면 분할 진입 검토. 갭 급등 시 추격 금지,20,25.39,84.62,,,,,,,,,,,,,,중립,순이익정체,특이 리스크 제한적,"EPS보통, 보통PER, 고PBR, EV/EBITDA결측. 최근 순이익 방향은 순이익정체이며 분류는 중립."
2026-06-09,042700,한미반도체,H01,매수 후보,관찰대상,다음 거래일 분할 진입 검토,up,9.07,276500,거래대금약함,DART공시동반,직접반응,외국인기관동반매수,16541,141663,-161057,다음 거래일 과도한 갭 상승이 없고 장초반 급락이 아니면 분할 진입 검토. 갭 급등 시 추격 금지,20,25.39,84.62,,,,,,,,,,,,,,성장기대반영,순이익증가,특이 리스크 제한적,"EPS보통, 초고PER, 초고PBR, EV/EBITDA결측. 최근 순이익 방향은 순이익증가이며 분류는 성장기대반영."
2026-06-09,290690,소룩스,H01,매수 후보,관찰대상,다음 거래일 분할 진입 검토,up,5.87,4510,거래대금약함,DART공시동반,직접반응,외국인기관동반매수,14205,603,-4769,다음 거래일 과도한 갭 상승이 없고 장초반 급락이 아니면 분할 진입 검토. 갭 급등 시 추격 금지,20,25.39,84.62,,,,,,,,,,,,,,PER비교부적합,순이익감소,순손실,"EPS적자, PER무효, 초고PBR, EV/EBITDA결측. 최근 순이익 방향은 순이익감소이며 분류는 PER비교부적합."
2026-06-09,319400,현대무벡스,H01,매수 후보,관찰대상,다음 거래일 분할 진입 검토,up,5.30,34800,거래대금약함,DART공시동반,직접반응,외국인기관동반매수,727557,99951,-824063,다음 거래일 과도한 갭 상승이 없고 장초반 급락이 아니면 분할 진입 검토. 갭 급등 시 추격 금지,20,25.39,84.62,,,,,,,,,,,,,,기대과열가능,순이익불안정,이익 변동성,"EPS낮음, 초고PER, 초고PBR, EV/EBITDA결측. 최근 순이익 방향은 순이익불안정이며 분류는 기대과열가능."
