종목명,코드,기준보고서,현재가,PER,PBR,EPS,BPS,PER구간,EPS상태,최근순이익,3년전순이익,3년순이익방향,ROE,영업이익률,부채비율,이익체력판단,밸류에이션분류,저평가함정체크,해석메모
DSC인베스트먼트,241520,DSC인베스트먼트_2026_Q1_원인후보_실제분석.md,17500.0,27.47,3.59,637.0,4874.0,고PER,EPS낮음,17800000000.0,10600000000.0,순이익증가,13.65,49.49,36.52,이익체력양호,성장기대반영,특이 리스크 제한적,"EPS낮음, 고PER. 최근 순이익 방향은 순이익증가이며 분류는 성장기대반영."
GS건설,006360,GS건설_2026_Q1_원인후보_실제분석.md,41300.0,37.79,0.73,1093.0,56462.0,고PER,EPS보통,93400000000.0,263900000000.0,순이익감소,1.69,3.52,234.2,이익체력주의,기대과열가능,부채비율 부담,"EPS보통, 고PER. 최근 순이익 방향은 순이익감소이며 분류는 기대과열가능."
HB테크놀러지,078150,HB테크놀러지_2026_Q1_원인후보_실제분석.md,4725.0,15.44,1.47,306.0,3208.0,보통PER,EPS낮음,28400000000.0,46500000000.0,순이익감소,9.96,3.89,34.08,이익체력주의,중립,특이 리스크 제한적,"EPS낮음, 보통PER. 최근 순이익 방향은 순이익감소이며 분류는 중립."
HD현대에너지솔루션,322000,HD현대에너지솔루션_2026_Q1_원인후보_실제분석.md,197400.0,53.05,5.29,3721.0,37302.0,초고PER,EPS보통,41700000000.0,100000000.0,순이익증가,9.98,8.37,26.96,이익체력양호,성장기대반영,특이 리스크 제한적,"EPS보통, 초고PER. 최근 순이익 방향은 순이익증가이며 분류는 성장기대반영."
HD현대일렉트릭,267260,HD현대일렉트릭_2026_Q1_원인후보_실제분석.md,1260000.0,62.0,22.35,20324.0,56366.0,초고PER,EPS높음,731800000000.0,498400000000.0,순이익증가,36.0,24.4,134.63,이익체력양호,성장기대반영,특이 리스크 제한적,"EPS높음, 초고PER. 최근 순이익 방향은 순이익증가이며 분류는 성장기대반영."
HD현대중공업,329180,HD현대중공업_2026_Q1_원인후보_실제분석.md,688000.0,43.82,7.73,15702.0,89001.0,고PER,EPS높음,1420000000000.0,621500000000.0,순이익증가,15.15,11.59,180.07,이익체력양호,성장기대반영,특이 리스크 제한적,"EPS높음, 고PER. 최근 순이익 방향은 순이익증가이며 분류는 성장기대반영."
KBI메탈,024840,KBI메탈_2026_Q1_원인후보_실제분석.md,9300.0,-9300.0,2.67,-1.0,3484.0,PER무효,EPS적자,1400000000.0,-1000000000.0,순이익불안정,0.97,3.21,175.63,이익체력주의,PER비교부적합,이익 변동성,"EPS적자, PER무효. 최근 순이익 방향은 순이익불안정이며 분류는 PER비교부적합."
KB금융,105560,KB금융_2026_Q1_원인후보_실제분석.md,160500.0,10.62,0.97,15116.0,164669.0,보통PER,EPS높음,5840000000000.0,1340000000000.0,순이익증가,9.6,29.21,1211.73,이익체력양호,이익체력양호후보,부채비율 부담,"EPS높음, 보통PER. 최근 순이익 방향은 순이익증가이며 분류는 이익체력양호후보."
LG전자,066570,LG전자_2026_Q1_원인후보_실제분석.md,137200.0,25.78,1.03,5321.0,132659.0,고PER,EPS보통,1220000000000.0,591400000000.0,순이익증가,4.27,2.78,140.33,이익체력보통,성장기대반영,특이 리스크 제한적,"EPS보통, 고PER. 최근 순이익 방향은 순이익증가이며 분류는 성장기대반영."
LIG디펜스앤에어로스페이스,079550,LIG디펜스앤에어로스페이스_2026_Q1_원인후보_실제분석.md,833000.0,72.33,12.72,11516.0,65465.0,초고PER,EPS높음,237500000000.0,59700000000.0,순이익증가,16.09,7.42,446.35,이익체력양호,성장기대반영,부채비율 부담,"EPS높음, 초고PER. 최근 순이익 방향은 순이익증가이며 분류는 성장기대반영."
LS ELECTRIC,010120,LS ELECTRIC_2026_Q1_원인후보_실제분석.md,278000.0,145.47,19.97,1911.0,13920.0,초고PER,EPS보통,284300000000.0,50500000000.0,순이익증가,13.27,8.59,131.48,이익체력양호,성장기대반영,특이 리스크 제한적,"EPS보통, 초고PER. 최근 순이익 방향은 순이익증가이며 분류는 성장기대반영."
NAVER,035420,NAVER_2026_Q1_원인후보_실제분석.md,211000.0,17.05,1.14,12376.0,184396.0,보통PER,EPS높음,1820000000000.0,43700000000.0,순이익증가,6.28,992.41,41.9,이익체력보통,이익체력양호후보,특이 리스크 제한적,"EPS높음, 보통PER. 최근 순이익 방향은 순이익증가이며 분류는 이익체력양호후보."
POSCO홀딩스,005490,POSCO홀딩스_2026_Q1_원인후보_실제분석.md,469000.0,58.01,0.64,8085.0,736969.0,초고PER,EPS보통,504400000000.0,947600000000.0,순이익감소,0.81,2.64,68.64,이익체력주의,기대과열가능,특이 리스크 제한적,"EPS보통, 초고PER. 최근 순이익 방향은 순이익감소이며 분류는 기대과열가능."
SKC,011790,SKC_2026_Q1_원인후보_실제분석.md,154600.0,-8.49,6.33,-18219.0,24423.0,PER무효,EPS적자,-719400000000.0,-92100000000.0,순이익감소,-35.51,-16.58,232.74,이익체력취약,PER비교부적합,"순손실, 부채비율 부담","EPS적자, PER무효. 최근 순이익 방향은 순이익감소이며 분류는 PER비교부적합."
SK스퀘어,402340,SK스퀘어_2026_Q1_원인후보_실제분석.md,840000.0,12.64,4.01,66468.0,209564.0,보통PER,EPS높음,8820000000000.0,3650000000000.0,순이익증가,31.51,623.26,9.01,이익체력양호,이익체력양호후보,특이 리스크 제한적,"EPS높음, 보통PER. 최근 순이익 방향은 순이익증가이며 분류는 이익체력양호후보."
SK증권,001510,SK증권_2026_Q1_원인후보_실제분석.md,5240.0,43.31,1.82,121.0,2884.0,고PER,EPS낮음,28700000000.0,-83300000000.0,순이익불안정,4.75,4.19,1034.52,이익체력주의,기대과열가능,"부채비율 부담, 이익 변동성","EPS낮음, 고PER. 최근 순이익 방향은 순이익불안정이며 분류는 기대과열가능."
SK하이닉스,000660,SK하이닉스_2026_Q1_원인후보_실제분석.md,1300000.0,22.05,7.45,58955.0,174539.0,보통PER,EPS높음,42950000000000.0,19800000000000.0,순이익증가,35.59,48.59,45.95,이익체력양호,이익체력양호후보,특이 리스크 제한적,"EPS높음, 보통PER. 최근 순이익 방향은 순이익증가이며 분류는 이익체력양호후보."
남해화학,025860,남해화학_2026_Q1_원인후보_실제분석.md,11740.0,20.0,1.02,587.0,11459.0,보통PER,EPS낮음,26900000000.0,7700000000.0,순이익증가,4.87,2.69,49.21,이익체력보통,중립,특이 리스크 제한적,"EPS낮음, 보통PER. 최근 순이익 방향은 순이익증가이며 분류는 중립."
대우건설,047040,대우건설_2026_Q1_원인후보_실제분석.md,36250.0,-16.51,4.45,-2195.0,8148.0,PER무효,EPS적자,-916100000000.0,242800000000.0,순이익감소,-26.36,-10.12,284.46,이익체력취약,PER비교부적합,"순손실, 부채비율 부담","EPS적자, PER무효. 최근 순이익 방향은 순이익감소이며 분류는 PER비교부적합."
대원전선,006340,대원전선_2026_Q1_원인후보_실제분석.md,15050.0,133.19,9.86,113.0,1527.0,초고PER,EPS낮음,12900000000.0,1400000000.0,순이익증가,8.49,1.5,127.85,이익체력보통,성장기대반영,특이 리스크 제한적,"EPS낮음, 초고PER. 최근 순이익 방향은 순이익증가이며 분류는 성장기대반영."
대한광통신,010170,대한광통신_2026_Q1_원인후보_실제분석.md,15200.0,-62.81,30.96,-242.0,491.0,PER무효,EPS적자,-28000000000.0,-56000000000.0,순이익정체,-41.97,-15.35,228.6,이익체력취약,PER비교부적합,"순손실, 부채비율 부담","EPS적자, PER무효. 최근 순이익 방향은 순이익정체이며 분류는 PER비교부적합."
대한전선,001440,대한전선_2026_Q1_원인후보_실제분석.md,51200.0,113.27,5.94,452.0,8622.0,초고PER,EPS낮음,89900000000.0,74200000000.0,순이익증가,5.51,3.54,114.0,이익체력보통,성장기대반영,특이 리스크 제한적,"EPS낮음, 초고PER. 최근 순이익 방향은 순이익증가이며 분류는 성장기대반영."
두산로보틱스,454910,두산로보틱스_2026_Q1_원인후보_실제분석.md,101500.0,-118.57,18.87,-856.0,5378.0,PER무효,EPS적자,-55500000000.0,-6500000000.0,순이익감소,-15.92,-180.34,14.57,이익체력취약,PER비교부적합,순손실,"EPS적자, PER무효. 최근 순이익 방향은 순이익감소이며 분류는 PER비교부적합."
두산에너빌리티,034020,두산에너빌리티_2026_Q1_원인후보_실제분석.md,128700.0,975.0,10.59,132.0,12156.0,초고PER,EPS낮음,205200000000.0,394700000000.0,순이익감소,1.71,4.47,129.1,이익체력주의,기대과열가능,특이 리스크 제한적,"EPS낮음, 초고PER. 최근 순이익 방향은 순이익감소이며 분류는 기대과열가능."
두산퓨얼셀,336260,두산퓨얼셀_2026_Q1_원인후보_실제분석.md,77300.0,-47.63,17.21,-1623.0,4491.0,PER무효,EPS적자,-132800000000.0,1900000000.0,순이익감소,-36.14,-23.24,226.12,이익체력취약,PER비교부적합,"순손실, 부채비율 부담","EPS적자, PER무효. 최근 순이익 방향은 순이익감소이며 분류는 PER비교부적합."
드림시큐리티,203650,드림시큐리티_2026_Q1_원인후보_실제분석.md,3845.0,45.77,3.09,84.0,1244.0,고PER,EPS낮음,7400000000.0,4700000000.0,순이익증가,4.93,7.05,280.96,이익체력보통,성장기대반영,부채비율 부담,"EPS낮음, 고PER. 최근 순이익 방향은 순이익증가이며 분류는 성장기대반영."
리노공업,058470,리노공업_2026_Q1_원인후보_실제분석.md,119300.0,0.0,0.0,0.0,0.0,PER무효,EPS무효,152000000000.0,15700000000.0,순이익증가,20.78,47.51,8.3,이익체력양호,PER비교부적합,특이 리스크 제한적,"EPS무효, PER무효. 최근 순이익 방향은 순이익증가이며 분류는 PER비교부적합."
미래에셋증권,006800,미래에셋증권_2026_Q1_원인후보_실제분석.md,80200.0,37.23,3.53,2154.0,22708.0,고PER,EPS보통,1580000000000.0,76900000000.0,순이익증가,11.74,30.48,1015.01,이익체력양호,성장기대반영,부채비율 부담,"EPS보통, 고PER. 최근 순이익 방향은 순이익증가이며 분류는 성장기대반영."
보성파워텍,006910,보성파워텍_2026_Q1_원인후보_실제분석.md,14190.0,117.27,7.7,121.0,1844.0,초고PER,EPS낮음,20300000000.0,1400000000.0,순이익증가,18.43,18.18,20.91,이익체력양호,성장기대반영,특이 리스크 제한적,"EPS낮음, 초고PER. 최근 순이익 방향은 순이익증가이며 분류는 성장기대반영."
산일전기,062040,산일전기_2026_Q1_원인후보_실제분석.md,266000.0,54.39,13.8,4891.0,19269.0,초고PER,EPS보통,148900000000.0,22900000000.0,순이익증가,25.44,35.59,16.48,이익체력양호,성장기대반영,특이 리스크 제한적,"EPS보통, 초고PER. 최근 순이익 방향은 순이익증가이며 분류는 성장기대반영."
삼성E&A,028050,삼성E&A_2026_Q1_원인후보_실제분석.md,53600.0,17.02,2.22,3150.0,24187.0,보통PER,EPS보통,648300000000.0,638700000000.0,순이익정체,14.58,8.77,125.8,이익체력보통,중립,특이 리스크 제한적,"EPS보통, 보통PER. 최근 순이익 방향은 순이익정체이며 분류는 중립."
삼성SDI,006400,삼성SDI_2026_Q1_원인후보_실제분석.md,704000.0,-84.56,2.58,-8325.0,272485.0,PER무효,EPS적자,-584900000000.0,575500000000.0,순이익감소,-2.48,-12.98,79.28,이익체력취약,PER비교부적합,순손실,"EPS적자, PER무효. 최근 순이익 방향은 순이익감소이며 분류는 PER비교부적합."
삼성물산,028260,삼성물산_2026_Q1_원인후보_실제분석.md,402500.0,28.42,1.32,14165.0,305019.0,고PER,EPS높음,3910000000000.0,751900000000.0,순이익증가,6.79,8.08,50.5,이익체력보통,성장기대반영,특이 리스크 제한적,"EPS높음, 고PER. 최근 순이익 방향은 순이익증가이며 분류는 성장기대반영."
삼성생명,032830,삼성생명_2026_Q1_원인후보_실제분석.md,249500.0,21.67,0.71,11514.0,349293.0,보통PER,EPS높음,2450000000000.0,506700000000.0,순이익증가,3.78,30.7,440.89,이익체력보통,이익체력양호후보,부채비율 부담,"EPS높음, 보통PER. 최근 순이익 방향은 순이익증가이며 분류는 이익체력양호후보."
삼성전기,009150,삼성전기_2026_Q1_원인후보_실제분석.md,823000.0,90.45,6.52,9099.0,126302.0,초고PER,EPS보통,731000000000.0,703200000000.0,순이익정체,7.46,8.07,48.98,이익체력보통,기대과열가능,특이 리스크 제한적,"EPS보통, 초고PER. 최근 순이익 방향은 순이익정체이며 분류는 기대과열가능."
삼성전자,005930,삼성전자_2026_Q1_원인후보_실제분석.md,220750.0,33.63,3.45,6564.0,63997.0,고PER,EPS보통,45210000000000.0,34450000000000.004,순이익증가,10.36,13.07,29.94,이익체력양호,성장기대반영,특이 리스크 제한적,"EPS보통, 고PER. 최근 순이익 방향은 순이익증가이며 분류는 성장기대반영."
삼성전자우,005935,삼성전자우_2026_Q1_원인후보_실제분석.md,158000.0,0.0,0.0,0.0,0.0,PER무효,EPS무효,45210000000000.0,34450000000000.004,순이익증가,10.36,13.07,29.94,이익체력양호,PER비교부적합,특이 리스크 제한적,"EPS무효, PER무효. 최근 순이익 방향은 순이익증가이며 분류는 PER비교부적합."
삼성중공업,010140,삼성중공업_2026_Q1_원인후보_실제분석.md,31750.0,51.21,6.54,620.0,4857.0,초고PER,EPS낮음,535800000000.0,9300000000.0,순이익증가,13.08,8.1,265.05,이익체력양호,성장기대반영,부채비율 부담,"EPS낮음, 초고PER. 최근 순이익 방향은 순이익증가이며 분류는 성장기대반영."
삼성증권,016360,삼성증권_2026_Q1_원인후보_실제분석.md,139000.0,12.32,1.54,11279.0,90348.0,보통PER,EPS높음,1010000000000.0,151000000000.0,순이익증가,12.48,82.37,887.64,이익체력양호,이익체력양호후보,부채비율 부담,"EPS높음, 보통PER. 최근 순이익 방향은 순이익증가이며 분류는 이익체력양호후보."
서진시스템,178320,서진시스템_2026_Q1_원인후보_실제분석.md,66500.0,-36.94,5.07,-1800.0,13127.0,PER무효,EPS적자,-102400000000.0,8600000000.0,순이익감소,-13.88,0.11,212.62,이익체력취약,PER비교부적합,"순손실, 부채비율 부담","EPS적자, PER무효. 최근 순이익 방향은 순이익감소이며 분류는 PER비교부적합."
세미파이브,490470,세미파이브_2026_Q1_원인후보_실제분석.md,39700.0,-20.07,6.1,-1978.0,6513.0,PER무효,EPS적자,-56200000000.0,-56200000000.0,순이익감소,-25.49,-44.14,40.25,이익체력취약,PER비교부적합,순손실,"EPS적자, PER무효. 최근 순이익 방향은 순이익감소이며 분류는 PER비교부적합."
쏠리드,050890,쏠리드_2026_Q1_원인후보_실제분석.md,17110.0,28.66,2.91,597.0,5886.0,고PER,EPS낮음,36400000000.0,13700000000.0,순이익증가,10.31,11.29,51.89,이익체력양호,성장기대반영,특이 리스크 제한적,"EPS낮음, 고PER. 최근 순이익 방향은 순이익증가이며 분류는 성장기대반영."
씨아이에스,222080,씨아이에스_2026_Q1_원인후보_실제분석.md,18680.0,50.35,2.85,371.0,6562.0,초고PER,EPS낮음,28700000000.0,56200000000.0,순이익감소,5.66,8.23,30.04,이익체력주의,기대과열가능,특이 리스크 제한적,"EPS낮음, 초고PER. 최근 순이익 방향은 순이익감소이며 분류는 기대과열가능."
에이비엘바이오,298380,에이비엘바이오_2026_Q1_원인후보_실제분석.md,139900.0,-201.88,49.84,-693.0,2807.0,PER무효,EPS적자,-37900000000.0,-55500000000.0,순이익불안정,-24.17,-50.9,79.28,이익체력취약,PER비교부적합,"순손실, 이익 변동성","EPS적자, PER무효. 최근 순이익 방향은 순이익불안정이며 분류는 PER비교부적합."
에코프로,086520,에코프로_2026_Q1_원인후보_실제분석.md,158100.0,-143.34,10.82,-1103.0,14611.0,PER무효,EPS적자,-105500000000.0,-295400000000.0,순이익불안정,-2.35,6.26,117.92,이익체력취약,PER비교부적합,"순손실, 이익 변동성","EPS적자, PER무효. 최근 순이익 방향은 순이익불안정이며 분류는 PER비교부적합."
에코프로비엠,247540,에코프로비엠_2026_Q1_원인후보_실제분석.md,230500.0,571.96,13.04,403.0,17677.0,초고PER,EPS낮음,91600000000.0,80400000000.0,순이익불안정,4.54,5.66,142.16,이익체력주의,기대과열가능,이익 변동성,"EPS낮음, 초고PER. 최근 순이익 방향은 순이익불안정이며 분류는 기대과열가능."
오이솔루션,138080,오이솔루션_2026_Q1_원인후보_실제분석.md,50600.0,-20.21,8.76,-2504.0,5774.0,PER무효,EPS적자,-27000000000.0,-5200000000.0,순이익감소,-42.07,-27.88,86.09,이익체력취약,PER비교부적합,순손실,"EPS적자, PER무효. 최근 순이익 방향은 순이익감소이며 분류는 PER비교부적합."
우리기술,032820,우리기술_2026_Q1_원인후보_실제분석.md,19905.0,3981.0,26.36,5.0,755.0,초고PER,EPS낮음,-4100000000.0,-1700000000.0,순이익감소,-3.3,-6.3,172.08,이익체력취약,기대과열가능,순손실,"EPS낮음, 초고PER. 최근 순이익 방향은 순이익감소이며 분류는 기대과열가능."
제일일렉트릭,199820,제일일렉트릭_2026_Q1_원인후보_실제분석.md,17260.0,57.92,2.44,298.0,7066.0,초고PER,EPS낮음,6700000000.0,2900000000.0,순이익증가,4.22,6.0,42.9,이익체력보통,성장기대반영,특이 리스크 제한적,"EPS낮음, 초고PER. 최근 순이익 방향은 순이익증가이며 분류는 성장기대반영."
퀄리타스반도체,432720,퀄리타스반도체_2026_Q1_원인후보_실제분석.md,25050.0,0.0,0.0,0.0,0.0,PER무효,EPS무효,-23100000000.0,-8100000000.0,순이익감소,-63.58,-457.41,128.64,이익체력취약,PER비교부적합,순손실,"EPS무효, PER무효. 최근 순이익 방향은 순이익감소이며 분류는 PER비교부적합."
한미반도체,042700,한미반도체_2026_Q1_원인후보_실제분석.md,353000.0,158.08,48.5,2233.0,7278.0,초고PER,EPS보통,214000000000.0,152600000000.0,순이익증가,31.0,43.59,17.82,이익체력양호,성장기대반영,특이 리스크 제한적,"EPS보통, 초고PER. 최근 순이익 방향은 순이익증가이며 분류는 성장기대반영."
한온시스템,018880,한온시스템_2026_Q1_원인후보_실제분석.md,4880.0,-18.99,1.33,-257.0,3671.0,PER무효,EPS적자,-197300000000.0,45200000000.0,순이익감소,-5.04,2.48,168.14,이익체력취약,PER비교부적합,순손실,"EPS적자, PER무효. 최근 순이익 방향은 순이익감소이며 분류는 PER비교부적합."
한화솔루션,009830,한화솔루션_2026_Q1_원인후보_실제분석.md,50700.0,-13.6,0.96,-3728.0,52947.0,PER무효,EPS적자,-615300000000.0,133400000000.0,순이익감소,-5.5,-2.74,196.32,이익체력취약,PER비교부적합,순손실,"EPS적자, PER무효. 최근 순이익 방향은 순이익감소이며 분류는 PER비교부적합."
한화에어로스페이스,012450,한화에어로스페이스_2026_Q1_원인후보_실제분석.md,1416000.0,49.56,7.52,28573.0,188244.0,고PER,EPS높음,2200000000000.0,2540000000000.0,순이익정체,13.12,11.57,221.38,이익체력보통,기대과열가능,부채비율 부담,"EPS높음, 고PER. 최근 순이익 방향은 순이익정체이며 분류는 기대과열가능."
한화투자증권,003530,한화투자증권_2026_Q1_원인후보_실제분석.md,8350.0,17.96,0.88,465.0,9484.0,보통PER,EPS낮음,102000000000.0,-14300000000.0,순이익불안정,4.93,37.73,739.27,이익체력주의,중립,"부채비율 부담, 이익 변동성","EPS낮음, 보통PER. 최근 순이익 방향은 순이익불안정이며 분류는 중립."
현대건설,000720,현대건설_2026_Q1_원인후보_실제분석.md,166800.0,50.24,2.27,3320.0,73523.0,초고PER,EPS보통,559100000000.0,-766200000000.0,순이익불안정,5.53,2.1,174.82,이익체력주의,기대과열가능,이익 변동성,"EPS보통, 초고PER. 최근 순이익 방향은 순이익불안정이며 분류는 기대과열가능."
현대로템,064350,현대로템_2026_Q1_원인후보_실제분석.md,268500.0,38.06,9.52,7055.0,28211.0,고PER,EPS보통,770500000000.0,18100000000.0,순이익증가,25.33,17.22,206.39,이익체력양호,성장기대반영,부채비율 부담,"EPS보통, 고PER. 최근 순이익 방향은 순이익증가이며 분류는 성장기대반영."
현대차,005380,현대차_2026_Q1_원인후보_실제분석.md,531000.0,15.03,1.21,35331.0,439541.0,보통PER,EPS높음,10360000000000.0,12270000000000.0,순이익정체,8.12,6.16,188.95,이익체력보통,이익체력양호후보,특이 리스크 제한적,"EPS높음, 보통PER. 최근 순이익 방향은 순이익정체이며 분류는 이익체력양호후보."
효성중공업,298040,효성중공업_2026_Q1_원인후보_실제분석.md,3997000.0,71.69,15.83,55755.0,252555.0,초고PER,EPS높음,502800000000.0,222900000000.0,순이익증가,20.2,12.52,190.31,이익체력양호,성장기대반영,특이 리스크 제한적,"EPS높음, 초고PER. 최근 순이익 방향은 순이익증가이며 분류는 성장기대반영."
흥구석유,024060,흥구석유_2026_Q1_원인후보_실제분석.md,17930.0,437.32,3.38,41.0,5307.0,초고PER,EPS낮음,200000000.0,400000000.0,순이익감소,0.2,-0.92,17.3,이익체력주의,기대과열가능,특이 리스크 제한적,"EPS낮음, 초고PER. 최근 순이익 방향은 순이익감소이며 분류는 기대과열가능."
