ticker,name,signal_date,quarter,market_regime,direction,chg_pct,close,trade_amount,avg_trade_amount,amount_tag,flow_category,foreign_5d,institution_5d,individual_5d,dart_tag,disclosure_count,disclosure_names,window_category,investor_error,dart_error,status,error,is_candidate,no_match_reason
000660,SK하이닉스,2026-09-08,2026_Q3,미분류,up,0.5608524957936067,1793000.0,7669131664440.0,9432024147832.104,거래대금약함,외국인기관동반매수,943788.0,260647.0,-3750877.0,DART공시동반,1,2026-09-04 풍문또는보도에대한해명(미확정)              ,직접반응,,,ok,,False,strategy_condition_not_matched
005930,삼성전자,2026-09-08,2026_Q3,미분류,down,-0.18518518518518823,269500.0,6236737732500.0,6914236830717.8545,거래대금약함,외국인기관동반매수,6555223.0,8624888.0,-22901535.0,DART공시동반,1,2026-09-08 최대주주등소유주식변동신고서              ,직접반응,,,ok,,False,strategy_condition_not_matched
386380,스카이랩스,2026-09-08,2026_Q3,미분류,down,-2.6186579378068786,29750.0,1139165504000.0,1203648087686.6667,거래대금약함,외국인기관동반매도,-214378.0,-1868287.0,2853986.0,주변공시부재,0,,누적배경,,KeyError('386380'),ok,,False,strategy_condition_not_matched
009150,삼성전기,2026-09-08,2026_Q3,미분류,down,-5.777166437414028,1370000.0,960198585500.0,1205307755139.3542,거래대금약함,외국인기관동반매도,-84387.0,-56317.0,136797.0,DART공시동반,2,2026-09-07 최대주주등소유주식변동신고서               / 2026-09-04 임원ㆍ주요주주특정증권등소유상황보고서,직접반응,,,ok,,False,strategy_condition_not_matched
402340,SK스퀘어,2026-09-08,2026_Q3,미분류,up,0.5333333333333412,1131000.0,663215522832.0,965027302417.8959,거래대금약함,외국인기관동반매수,367789.0,238533.0,-600932.0,주변공시부재,0,,선반영,,,ok,,False,strategy_condition_not_matched
047040,대우건설,2026-09-08,2026_Q3,미분류,up,8.473655621944598,19970.0,547738483500.0,111448715392.1875,거래대금급증,외국인기관동반매수,1341802.0,2503947.0,-3837920.0,DART공시동반,1,2026-09-08 타인에대한채무보증결정              ,직접반응,,,ok,,False,strategy_condition_not_matched
034020,두산에너빌리티,2026-09-08,2026_Q3,미분류,up,1.8202502844141044,89500.0,527171430800.0,215371460853.125,거래대금급증,수급엇갈림,-909128.0,2943204.0,-2104320.0,DART공시동반,1,2026-09-08 기업설명회(IR)개최(안내공시)              ,직접반응,,,ok,,False,strategy_condition_not_matched
036930,주성엔지니어링,2026-09-08,2026_Q3,미분류,up,3.952991452991461,194600.0,512567082500.0,297597260631.25,거래대금평균상회,외국인기관동반매수,689526.0,90955.0,-774161.0,주변공시부재,0,,선반영,,,ok,,False,strategy_condition_not_matched
004310,현대약품,2026-09-08,2026_Q3,미분류,up,23.990498812351536,10440.0,322630679660.0,36377043763.604164,거래대금급증,외국인기관동반매도,-290120.0,-209.0,289760.0,주변공시부재,0,,선반영,,,ok,,False,strategy_condition_not_matched
052690,한전기술,2026-09-08,2026_Q3,미분류,up,16.59852820932135,142600.0,313345395150.0,31312235493.625,거래대금급증,외국인기관동반매수,7749.0,139634.0,-138534.0,DART공시동반,2,2026-09-07 주주총회소집공고 / 2026-09-03 [기재정정]주주총회소집결의              ,직접반응,,,ok,,False,strategy_condition_not_matched
067290,JW신약,2026-09-08,2026_Q3,미분류,up,8.659217877094981,3890.0,289551754522.0,42707379130.291664,거래대금급증,수급엇갈림,-403438.0,3122.0,394218.0,주변공시부재,0,,선반영,,,ok,,False,strategy_condition_not_matched
108490,로보티즈,2026-09-08,2026_Q3,미분류,down,-5.8043117744610235,284000.0,265938706175.0,66922118954.6875,거래대금급증,외국인기관동반매수,474072.0,166012.0,-646377.0,DART공시동반,2,2026-09-08 임원ㆍ주요주주특정증권등소유상황보고서 / 2026-09-08 주식등의대량보유상황보고서(일반),직접반응,,,ok,,False,strategy_condition_not_matched
010170,대한광통신,2026-09-08,2026_Q3,미분류,up,1.7074981440237558,13700.0,231956384570.0,122892233719.16667,거래대금평균상회,외국인기관동반매도,-1228135.0,-27358.0,1186613.0,주변공시부재,0,,선반영,,,ok,,False,strategy_condition_not_matched
000720,현대건설,2026-09-08,2026_Q3,미분류,up,3.546099290780136,131400.0,225034286900.0,73730028918.75,거래대금급증,수급엇갈림,-280684.0,899422.0,-622605.0,DART공시동반,3,2026-09-08 기업설명회(IR)개최(안내공시)               / 2026-09-08 기업설명회(IR)개최(안내공시)               / 2026-09-04 중대재해발생              ,직접반응,,,ok,,False,strategy_condition_not_matched
042700,한미반도체,2026-09-08,2026_Q3,미분류,up,1.6632016632016633,244500.0,201379520250.0,175610559659.375,거래대금평균상회,외국인기관동반매수,718611.0,337559.0,-1042519.0,주변공시부재,0,,선반영,,,ok,,False,strategy_condition_not_matched
005380,현대차,2026-09-08,2026_Q3,미분류,down,-2.035623409669207,385000.0,187042032750.0,315878131732.6042,거래대금약함,외국인기관동반매도,-88049.0,-97274.0,191264.0,DART공시동반,2,2026-09-03 기업설명회(IR)개최(안내공시)               / 2026-09-03 기업설명회(IR)개최(안내공시)              ,직접반응,,,ok,,False,strategy_condition_not_matched
196170,알테오젠,2026-09-08,2026_Q3,미분류,down,-3.1468531468531458,277000.0,183477415500.0,171796868677.08334,거래대금평균상회,외국인기관동반매도,-141995.0,-383455.0,556082.0,주변공시부재,0,,직접반응,,,ok,,False,strategy_condition_not_matched
006400,삼성SDI,2026-09-08,2026_Q3,미분류,down,-2.0332717190388205,530000.0,183146998000.0,221347626945.41666,거래대금약함,외국인기관동반매도,-153726.0,-99794.0,248360.0,DART공시동반,3,2026-09-08 최대주주등소유주식변동신고서               / 2026-09-04 타인에대한담보제공결정               / 2026-09-04 타인에대한채무보증결정              ,직접반응,,,ok,,False,strategy_condition_not_matched
028260,삼성물산,2026-09-08,2026_Q3,미분류,down,-0.520833333333337,382000.0,157041985000.0,183001873077.97916,거래대금약함,수급엇갈림,-63160.0,149722.0,-94294.0,DART공시동반,1,2026-09-04 기업설명회(IR)개최(안내공시)              ,직접반응,,,ok,,False,strategy_condition_not_matched
079650,서산,2026-09-08,2026_Q3,미분류,up,14.456035767511178,7680.0,157000760845.0,36918956691.104164,거래대금급증,외국인기관동반매도,-24335.0,-2311.0,37766.0,주변공시부재,0,,선반영,,,ok,,False,strategy_condition_not_matched
028050,삼성E&A,2026-09-08,2026_Q3,미분류,up,2.3958333333333304,49150.0,156807279175.0,95053076187.5,거래대금평균상회,외국인기관동반매수,592763.0,989035.0,-1572767.0,DART공시동반,2,2026-09-08 기업설명회(IR)개최(안내공시)               / 2026-09-07 [첨부정정]지속가능경영보고서등관련사항(자율공시)              ,직접반응,,,ok,,False,strategy_condition_not_matched
032820,우리기술,2026-09-08,2026_Q3,미분류,up,8.150183150183143,11810.0,154924355985.0,34611691294.6875,거래대금급증,수급엇갈림,340973.0,-570544.0,240703.0,주변공시부재,0,,직접반응,,,ok,,False,strategy_condition_not_matched
069540,빛과전자,2026-09-08,2026_Q3,미분류,up,30.000000000000004,3640.0,143510804343.0,32394849687.083332,거래대금급증,외국인기관동반매수,2679958.0,158495.0,-2853646.0,DART공시동반,2,2026-09-04 임원ㆍ주요주주특정증권등소유상황보고서 / 2026-09-04 주식등의대량보유상황보고서(일반),직접반응,,,ok,,False,strategy_condition_not_matched
011070,LG이노텍,2026-09-08,2026_Q3,미분류,down,-6.996587030716728,545000.0,142233216000.0,180881124666.66666,거래대금약함,수급엇갈림,4129.0,-129054.0,122851.0,주변공시부재,0,,누적배경,,,ok,,False,strategy_condition_not_matched
373220,LG에너지솔루션,2026-09-08,2026_Q3,미분류,down,-3.86206896551724,348500.0,138387404500.0,110819489026.04167,거래대금평균상회,외국인기관동반매도,-79903.0,-1310.0,136330.0,주변공시부재,0,,직접반응,,,ok,,False,strategy_condition_not_matched
030530,원익홀딩스,2026-09-08,2026_Q3,미분류,up,0.8948545861297452,22550.0,134908749900.0,27584837073.854168,거래대금급증,수급엇갈림,-11122.0,249543.0,-264323.0,DART공시동반,1,2026-09-04 주식등의대량보유상황보고서(일반),직접반응,,,ok,,False,strategy_condition_not_matched
388050,지투파워,2026-09-08,2026_Q3,미분류,up,5.544933078393877,11040.0,134008057075.0,15437247771.25,거래대금급증,수급엇갈림,106430.0,-22728.0,-80019.0,주변공시부재,0,,선반영,,,ok,,False,strategy_condition_not_matched
066570,LG전자,2026-09-08,2026_Q3,미분류,down,-4.2056074766355085,205000.0,125199377750.0,237172082646.20834,거래대금약함,외국인기관동반매수,75583.0,233488.0,-400271.0,DART공시동반,1,2026-09-07 풍문또는보도에대한해명(미확정)              ,직접반응,,,ok,,False,strategy_condition_not_matched
035420,NAVER,2026-09-08,2026_Q3,미분류,down,-1.6055045871559592,214500.0,124580571500.0,222571048639.89584,거래대금약함,외국인기관동반매수,134878.0,50843.0,-194439.0,주변공시부재,0,,직접반응,,,ok,,False,strategy_condition_not_matched
012210,삼미금속,2026-09-08,2026_Q3,미분류,down,-1.6666666666666718,10030.0,91562743830.0,7551757062.666667,거래대금급증,수급엇갈림,12322.0,-2037483.0,2069441.0,주변공시부재,0,,누적배경,,,ok,,False,strategy_condition_not_matched
336260,두산퓨얼셀,2026-09-08,2026_Q3,미분류,down,-1.3026052104208374,49250.0,53274275000.0,37749958522.5,거래대금평균상회,외국인기관동반매수,807687.0,592427.0,-1415864.0,DART공시동반,4,2026-09-08 기업설명회(IR)개최(안내공시)               / 2026-09-04 기업설명회(IR)개최(안내공시)               / 2026-09-04 [기재정정]단일판매ㆍ공급계약체결              ,직접반응,,,ok,,False,strategy_condition_not_matched
003230,삼양식품,2026-09-08,2026_Q3,미분류,down,-2.932330827067664,1291000.0,123994773000.0,77793288687.5,거래대금평균상회,수급엇갈림,17077.0,-79498.0,63466.0,주변공시부재,0,,누적배경,,,ok,,False,strategy_condition_not_matched
298040,효성중공업,2026-09-08,2026_Q3,미분류,down,-4.418212478920747,2834000.0,112561298000.0,141223602020.83334,거래대금약함,수급엇갈림,8590.0,-2354.0,-6421.0,주변공시부재,0,,누적배경,,,ok,,False,strategy_condition_not_matched
387690,레메디,2026-09-08,2026_Q3,미분류,down,-2.921719955898572,17610.0,47896429500.0,53796873631.625,거래대금약함,수급엇갈림,19886.0,-34198.0,31827.0,주변공시부재,0,,누적배경,,KeyError('387690'),ok,,False,strategy_condition_not_matched
000150,두산,2026-09-08,2026_Q3,미분류,down,-1.8882769472856054,1247000.0,94945927000.0,89157760367.58333,거래대금평균상회,수급엇갈림,-10901.0,42227.0,-30992.0,주변공시부재,0,,누적배경,,,ok,,False,strategy_condition_not_matched
012450,한화에어로스페이스,2026-09-08,2026_Q3,미분류,down,-1.1549566891241536,1027000.0,94508725500.0,205770844831.20834,거래대금약함,수급엇갈림,-65343.0,26783.0,38960.0,DART공시동반,1,2026-09-07 풍문또는보도에대한해명(미확정)              ,직접반응,,,ok,,False,strategy_condition_not_matched
000500,가온전선,2026-09-08,2026_Q3,미분류,down,-2.985074626865669,227500.0,45826771750.0,46791445639.583336,거래대금약함,외국인기관동반매수,23054.0,152565.0,-181073.0,주변공시부재,0,,누적배경,,,ok,,False,strategy_condition_not_matched
010060,OCI홀딩스,2026-09-08,2026_Q3,미분류,down,-2.9279279279279313,215500.0,79492771500.0,75457760144.79167,거래대금평균상회,수급엇갈림,120442.0,-310205.0,212434.0,주변공시부재,0,,누적배경,,,ok,,False,strategy_condition_not_matched
278470,에이피알,2026-09-08,2026_Q3,미분류,down,-1.822916666666663,377000.0,72697761000.0,110127981359.75,거래대금약함,수급엇갈림,38646.0,-277817.0,235566.0,주변공시부재,0,,누적배경,,,ok,,False,strategy_condition_not_matched
105560,KB금융,2026-09-08,2026_Q3,미분류,down,-1.2507106310403637,173700.0,104877006450.0,222895793665.89584,거래대금약함,수급엇갈림,-420536.0,620842.0,-183580.0,DART공시동반,1,2026-09-04 기업설명회(IR)개최(안내공시)              ,직접반응,,,ok,,False,strategy_condition_not_matched
096770,SK이노베이션,2026-09-08,2026_Q3,미분류,up,0.07251631617113397,138000.0,115798556350.0,112354587664.58333,거래대금평균상회,외국인기관동반매수,127025.0,579056.0,-698826.0,DART공시동반,1,2026-09-04 정정신고서제출요구( 2026.08.26. 제출 증권신고서(합병) ),직접반응,,,ok,,False,strategy_condition_not_matched
010950,S-Oil,2026-09-08,2026_Q3,미분류,up,1.1421319796954377,159400.0,43744502050.0,60106842064.583336,거래대금약함,수급엇갈림,-31911.0,281697.0,-249283.0,주변공시부재,0,,선반영,,,ok,,False,strategy_condition_not_matched
032940,원익,2026-09-08,2026_Q3,미분류,up,1.3144590495449915,10020.0,6710822660.0,9631978054.791666,거래대금약함,수급엇갈림,-250676.0,17275.0,252712.0,주변공시부재,0,,선반영,,,ok,,False,strategy_condition_not_matched
003490,대한항공,2026-09-08,2026_Q3,미분류,down,-0.8237232289950547,30100.0,75748763625.0,79380109181.25,거래대금약함,외국인기관동반매수,2614451.0,2050117.0,-4556747.0,DART공시동반,2,2026-09-04 증권신고서(채무증권) / 2026-09-03 소송등의제기ㆍ신청(자율공시:일정금액미만의청구)              ,직접반응,,,ok,,False,strategy_condition_not_matched
000270,기아,2026-09-08,2026_Q3,미분류,down,-2.336448598130836,125400.0,68113930250.0,131392865773.47917,거래대금약함,수급엇갈림,101843.0,-187192.0,83571.0,주변공시부재,0,,누적배경,,,ok,,False,strategy_condition_not_matched
055550,신한지주,2026-09-08,2026_Q3,미분류,down,-0.6145741878841093,113200.0,88414008450.0,131763823677.58333,거래대금약함,수급엇갈림,-629454.0,927813.0,-95000.0,DART공시동반,3,2026-09-08 [발행조건확정]증권신고서(채무증권) / 2026-09-08 [기재정정]증권신고서(채무증권) / 2026-09-08 [기재정정]주요사항보고서(상각형조건부자본증권발행결정),직접반응,,,ok,,False,strategy_condition_not_matched
086790,하나금융지주,2026-09-08,2026_Q3,미분류,down,-1.5118790496760237,136800.0,62315211350.0,110794820912.95833,거래대금약함,수급엇갈림,-306691.0,432700.0,-121983.0,주변공시부재,0,,누적배경,,,ok,,False,strategy_condition_not_matched
353200,대덕전자,2026-09-08,2026_Q3,미분류,down,-3.57142857142857,99900.0,92470618450.0,111344420192.70833,거래대금약함,수급엇갈림,362152.0,-1069504.0,708822.0,주변공시부재,0,,누적배경,,,ok,,False,strategy_condition_not_matched
058610,에스피지,2026-09-08,2026_Q3,미분류,down,-1.5102481121898603,91300.0,22165825750.0,55209252310.416664,거래대금약함,외국인기관동반매수,68796.0,156852.0,-224726.0,DART공시동반,2,2026-09-07 현금ㆍ현물배당결정              (중간배당) / 2026-09-07 중간(분기)배당을위한주주명부폐쇄(기준일)결정              ,직접반응,,,ok,,False,strategy_condition_not_matched
316140,우리금융지주,2026-09-08,2026_Q3,미분류,down,-0.43859649122807154,34050.0,73270373600.0,81007933220.3125,거래대금약함,외국인기관동반매수,11542174.0,2228178.0,223362.0,DART공시동반,1,2026-09-04 기업설명회(IR)개최(안내공시)              ,직접반응,,,ok,,False,strategy_condition_not_matched
240810,원익IPS,2026-09-08,2026_Q3,미분류,down,-1.5306122448979553,115800.0,101611601300.0,166527388825.0,거래대금약함,수급엇갈림,323744.0,-38338.0,-269223.0,DART공시동반,2,2026-09-04 독립이사의선임ㆍ해임또는중도퇴임에관한신고 / 2026-09-04 임시주주총회결과              ,직접반응,,,ok,,False,strategy_condition_not_matched
047050,포스코인터내셔널,2026-09-08,2026_Q3,미분류,down,-0.7312614259597838,54300.0,22115080400.0,74667708935.9375,거래대금약함,수급엇갈림,-427869.0,17192305.0,293736.0,DART공시동반,4,2026-09-08 최대주주등소유주식변동신고서               / 2026-09-07 임원ㆍ주요주주특정증권등소유상황보고서 / 2026-09-07 주식등의대량보유상황보고서(일반),직접반응,,,ok,,False,strategy_condition_not_matched
022100,포스코DX,2026-09-08,2026_Q3,미분류,down,-2.7210884353741527,21450.0,6704005075.0,16663763453.645834,거래대금약함,수급엇갈림,-279980.0,9146061.0,96714.0,DART공시동반,3,2026-09-07 최대주주등소유주식변동신고서               / 2026-09-07 임원ㆍ주요주주특정증권등소유상황보고서 / 2026-09-07 주식등의대량보유상황보고서(일반),직접반응,,,ok,,False,strategy_condition_not_matched
000810,삼성화재,2026-09-08,2026_Q3,미분류,down,-1.3719512195121908,647000.0,64078816500.0,73321399945.16667,거래대금약함,수급엇갈림,-101731.0,94542.0,7177.0,DART공시동반,1,2026-09-03 풍문또는보도에대한해명(미확정)              ,직접반응,,,ok,,False,strategy_condition_not_matched
010140,삼성중공업,2026-09-08,2026_Q3,미분류,down,-0.4672897196261627,21300.0,58110945800.0,72857161102.39583,거래대금약함,외국인기관동반매수,310936.0,2339686.0,-2693693.0,주변공시부재,0,,누적배경,,,ok,,False,strategy_condition_not_matched
329180,HD현대중공업,2026-09-08,2026_Q3,미분류,down,-1.0022271714922093,444500.0,103846761750.0,127849170022.375,거래대금약함,수급엇갈림,-105603.0,115271.0,-12234.0,DART공시동반,1,2026-09-08 주식등의대량보유상황보고서(약식),직접반응,,,ok,,False,strategy_condition_not_matched
012330,현대모비스,2026-09-08,2026_Q3,미분류,down,-3.935185185185186,415000.0,121856642250.0,162486927922.66666,거래대금약함,수급엇갈림,122121.0,-158344.0,35488.0,DART공시동반,1,2026-09-04 기업설명회(IR)개최(안내공시)              ,직접반응,,,ok,,False,strategy_condition_not_matched
267260,HD현대일렉트릭,2026-09-08,2026_Q3,미분류,down,-4.587155963302747,728000.0,68126825500.0,121805206993.5625,거래대금약함,수급엇갈림,-34938.0,39312.0,-5042.0,DART공시동반,2,2026-09-08 독립이사의선임ㆍ해임또는중도퇴임에관한신고 / 2026-09-08 임시주주총회결과              ,직접반응,,,ok,,False,strategy_condition_not_matched
035720,카카오,2026-09-08,2026_Q3,미분류,down,-3.146374829001364,35400.0,56914361100.0,83222748401.25,거래대금약함,수급엇갈림,-595142.0,547455.0,57392.0,주변공시부재,0,,누적배경,,,ok,,False,strategy_condition_not_matched
088350,한화생명,2026-09-08,2026_Q3,미분류,down,-0.6791171477079749,5850.0,14712055390.0,21680331589.0625,거래대금약함,수급엇갈림,-1102323.0,2162007.0,-1297017.0,주변공시부재,0,,누적배경,,,ok,,False,strategy_condition_not_matched
002990,금호건설,2026-09-08,2026_Q3,미분류,down,-2.85536933581626,15650.0,93759787985.0,164709785905.10416,거래대금약함,수급엇갈림,-291340.0,17699.0,245833.0,DART공시동반,2,2026-09-08 [기재정정]단일판매ㆍ공급계약체결               / 2026-09-03 [기재정정]단일판매ㆍ공급계약체결              ,직접반응,,,ok,,False,strategy_condition_not_matched
001820,삼화콘덴서,2026-09-08,2026_Q3,미분류,down,-4.28449014567267,111700.0,57136953100.0,76083166410.41667,거래대금약함,수급엇갈림,-66346.0,112182.0,-47938.0,주변공시부재,0,,누적배경,,,ok,,False,strategy_condition_not_matched
001210,금호전기,2026-09-08,2026_Q3,미분류,down,-2.917981072555209,12310.0,62991709510.0,56500838245.833336,거래대금평균상회,수급엇갈림,-63549.0,482.0,320025.0,DART공시동반,4,2026-09-08 전환청구권ㆍ신주인수권ㆍ교환청구권행사               / 2026-09-03 최대주주등소유주식변동신고서               / 2026-09-03 주식등의대량보유상황보고서(일반),직접반응,,,ok,,False,strategy_condition_not_matched
024060,흥구석유,2026-09-08,2026_Q3,미분류,up,6.767586821015148,11990.0,59306920215.0,41574307791.458336,거래대금평균상회,수급엇갈림,-147460.0,10424.0,131989.0,주변공시부재,0,,선반영,,,ok,,False,strategy_condition_not_matched
080220,제주반도체,2026-09-08,2026_Q3,미분류,down,-1.0840108401083959,73000.0,92920420050.0,144382240191.14584,거래대금약함,수급엇갈림,387769.0,-171820.0,-228599.0,주변공시부재,0,,누적배경,,,ok,,False,strategy_condition_not_matched
066970,엘앤에프,2026-09-08,2026_Q3,미분류,down,-0.6986899563318771,113700.0,81978796050.0,50069702623.958336,거래대금평균상회,수급엇갈림,139274.0,-564711.0,425469.0,DART공시동반,2,2026-09-08 풍문또는보도에대한해명(미확정)               / 2026-09-07 기업설명회(IR)개최(안내공시)              ,직접반응,,,ok,,False,strategy_condition_not_matched
090460,비에이치,2026-09-08,2026_Q3,미분류,down,-8.084112149532707,19670.0,31853715405.0,17375529100.833332,거래대금평균상회,외국인기관동반매도,-214431.0,-442946.0,689383.0,주변공시부재,0,,누적배경,,,ok,,False,strategy_condition_not_matched
005490,POSCO홀딩스,2026-09-08,2026_Q3,미분류,down,-2.086438152011927,328500.0,65117391750.0,91884943520.83333,거래대금약함,수급엇갈림,-156756.0,88295.0,71124.0,DART공시동반,2,2026-09-03 임원ㆍ주요주주특정증권등소유상황보고서 / 2026-09-03 임원ㆍ주요주주특정증권등소유상황보고서,직접반응,,,ok,,False,strategy_condition_not_matched
034730,SK,2026-09-08,2026_Q3,미분류,down,-1.3093289689034338,603000.0,71990119000.0,123407561873.4375,거래대금약함,외국인기관동반매수,54763.0,16275.0,-66357.0,DART공시동반,1,2026-09-04 최대주주등소유주식변동신고서              ,직접반응,,,ok,,False,strategy_condition_not_matched
028300,HLB,2026-09-08,2026_Q3,미분류,down,-3.9453717754172946,31650.0,19527916025.0,47042185206.770836,거래대금약함,외국인기관동반매도,-536009.0,-57597.0,598639.0,DART공시동반,2,2026-09-08 전환사채(해외전환사채포함)발행후만기전사채취득               / 2026-09-07 주식등의대량보유상황보고서(약식),직접반응,,,ok,,False,strategy_condition_not_matched
034220,LG디스플레이,2026-09-08,2026_Q3,미분류,down,-2.931596091205213,8940.0,32151826025.0,45988086868.645836,거래대금약함,수급엇갈림,-2633272.0,418012.0,2200156.0,DART공시동반,1,2026-09-07 주식등의대량보유상황보고서(약식),직접반응,,,ok,,False,strategy_condition_not_matched
017670,SK텔레콤,2026-09-08,2026_Q3,미분류,down,-1.4925373134328401,92400.0,73965818550.0,133069254244.79167,거래대금약함,수급엇갈림,-185248.0,84895.0,100116.0,주변공시부재,0,,누적배경,,,ok,,False,strategy_condition_not_matched
003670,포스코퓨처엠,2026-09-08,2026_Q3,미분류,down,-1.0952902519167584,180600.0,51933563550.0,52543246978.125,거래대금약함,수급엇갈림,-174264.0,165992.0,7631.0,DART공시동반,1,2026-09-07 임원ㆍ주요주주특정증권등소유상황보고서,직접반응,,,ok,,False,strategy_condition_not_matched
047810,한국항공우주,2026-09-08,2026_Q3,미분류,down,-1.2364760432766575,127800.0,24103020450.0,61196257655.208336,거래대금약함,외국인기관동반매수,4096.0,97946.0,-105336.0,DART공시동반,2,2026-09-04 기업설명회(IR)개최(안내공시)               / 2026-09-03 주식등의대량보유상황보고서(약식),직접반응,,,ok,,False,strategy_condition_not_matched
257720,실리콘투,2026-09-08,2026_Q3,미분류,down,-1.9088016967126142,46250.0,36299363475.0,54295462653.645836,거래대금약함,수급엇갈림,851830.0,-1176508.0,332118.0,DART공시동반,2,2026-09-08 임원ㆍ주요주주특정증권등소유상황보고서 / 2026-09-08 기업설명회(IR)개최              ,직접반응,,,ok,,False,strategy_condition_not_matched
010120,LS ELECTRIC,2026-09-08,2026_Q3,미분류,down,-3.1400966183574908,200500.0,77999480750.0,162657220280.20834,거래대금약함,수급엇갈림,74080.0,-288.0,-69514.0,주변공시부재,0,,누적배경,,,ok,,False,strategy_condition_not_matched
222800,심텍,2026-09-08,2026_Q3,미분류,up,1.6694490818029983,121800.0,112527599750.0,93667127035.41667,거래대금평균상회,수급엇갈림,450625.0,-614365.0,156505.0,DART공시동반,1,2026-09-04 전환청구권행사              ,직접반응,,,ok,,False,strategy_condition_not_matched
062040,산일전기,2026-09-08,2026_Q3,미분류,up,1.0558069381598756,201000.0,75112858650.0,51467560356.666664,거래대금평균상회,수급엇갈림,-35329.0,124824.0,-88189.0,주변공시부재,0,,선반영,,,ok,,False,strategy_condition_not_matched
232140,와이씨,2026-09-08,2026_Q3,미분류,down,-3.688181056160944,11490.0,16034516745.0,13466057768.75,거래대금평균상회,외국인기관동반매도,-531239.0,-291649.0,857776.0,DART공시동반,1,2026-09-08 기업설명회(IR)개최              ,직접반응,,,ok,,False,strategy_condition_not_matched
128940,한미약품,2026-09-08,2026_Q3,미분류,down,-0.9463722397476393,471000.0,47045272250.0,59906154286.458336,거래대금약함,수급엇갈림,31534.0,-61505.0,29502.0,DART공시동반,3,2026-09-08 기업설명회(IR)개최(안내공시)               / 2026-09-08 최대주주등소유주식변동신고서               / 2026-09-08 주식등의대량보유상황보고서(일반),직접반응,,,ok,,False,strategy_condition_not_matched
006360,GS건설,2026-09-08,2026_Q3,미분류,up,0.14204545454545858,35250.0,81578630225.0,92862491936.45833,거래대금약함,수급엇갈림,-11003.0,739831.0,-747539.0,DART공시동반,1,2026-09-07 기업설명회(IR)개최(안내공시)              ,직접반응,,,ok,,False,strategy_condition_not_matched
015760,한국전력,2026-09-08,2026_Q3,미분류,up,4.122137404580162,34100.0,120635162425.0,61084071454.6875,거래대금평균상회,외국인기관동반매수,113828.0,1510435.0,-1664128.0,DART공시동반,1,2026-09-03 풍문또는보도에대한해명(미확정)              ,직접반응,,,ok,,False,strategy_condition_not_matched
032830,삼성생명,2026-09-08,2026_Q3,미분류,down,-1.2820512820512775,308000.0,82722265000.0,145332818253.47916,거래대금약함,수급엇갈림,-6914.0,78758.0,-76608.0,DART공시동반,2,2026-09-07 임원ㆍ주요주주특정증권등소유상황보고서 / 2026-09-03 풍문또는보도에대한해명(미확정)              ,직접반응,,,ok,,False,strategy_condition_not_matched
307950,현대오토에버,2026-09-08,2026_Q3,미분류,down,-4.104477611940293,385500.0,23624836750.0,38719130656.25,거래대금약함,수급엇갈림,16875.0,-31175.0,13920.0,주변공시부재,0,,누적배경,,,ok,,False,strategy_condition_not_matched
041190,우리기술투자,2026-09-08,2026_Q3,미분류,down,-4.477611940298509,5760.0,12653956820.0,20352873820.875,거래대금약함,수급엇갈림,235158.0,-224693.0,-30050.0,주변공시부재,0,,누적배경,,,ok,,False,strategy_condition_not_matched
000880,한화,2026-09-08,2026_Q3,미분류,down,-0.5035971223021574,138300.0,13235707800.0,18045398911.708332,거래대금약함,외국인기관동반매수,72360.0,68005.0,-138949.0,주변공시부재,0,,누적배경,,,ok,,False,strategy_condition_not_matched
003350,한국화장품제조,2026-09-08,2026_Q3,미분류,up,0.15396458814471714,13010.0,8534928745.0,13214296398.125,거래대금약함,외국인기관동반매수,13630.0,188495.0,-191122.0,주변공시부재,0,,선반영,,,ok,,False,strategy_condition_not_matched
079550,LIG디펜스앤에어로스페이스,2026-09-08,2026_Q3,미분류,up,1.062215477996964,666000.0,53794429500.0,102453825661.02083,거래대금약함,수급엇갈림,-26614.0,14955.0,12715.0,DART공시동반,1,2026-09-04 [기재정정]주요사항보고서(유상증자결정),직접반응,,,ok,,False,strategy_condition_not_matched
417030,니어스랩,2026-09-08,2026_Q3,미분류,up,7.729468599033806,33450.0,46827956075.0,55850471085.416664,거래대금약함,수급엇갈림,325002.0,-127076.0,-127260.0,주변공시부재,0,,선반영,,KeyError('417030'),ok,,False,strategy_condition_not_matched
008930,한미사이언스,2026-09-08,2026_Q3,미분류,up,6.457564575645747,57700.0,47717454250.0,16928144380.208334,거래대금급증,외국인기관동반매수,167534.0,354636.0,-501205.0,주변공시부재,0,,선반영,,,ok,,False,strategy_condition_not_matched
124500,아이티센글로벌,2026-09-08,2026_Q3,미분류,down,-8.504398826979475,31200.0,16377531850.0,13409661239.375,거래대금평균상회,외국인기관동반매도,-12501.0,-297994.0,304450.0,주변공시부재,0,,누적배경,,,ok,,False,strategy_condition_not_matched
086520,에코프로,2026-09-08,2026_Q3,미분류,down,-1.6969696969696968,81100.0,39749186750.0,83098731632.29167,거래대금약함,외국인기관동반매도,-131978.0,-182005.0,307456.0,DART공시동반,1,2026-09-08 주식등의대량보유상황보고서(일반),직접반응,,,ok,,False,strategy_condition_not_matched
475150,SK이터닉스,2026-09-08,2026_Q3,미분류,down,-2.111324376199619,51000.0,46742728800.0,301847137278.125,거래대금약함,수급엇갈림,167075.0,-159108.0,-10719.0,주변공시부재,0,,선반영,,,ok,,False,strategy_condition_not_matched
282620,기도산업,2026-09-08,2026_Q3,미분류,up,4.044943820224711,13890.0,5878157045.0,23954606618.076923,거래대금약함,외국인기관동반매수,25451.0,35457.0,-34675.0,주변공시부재,0,,직접반응,,KeyError('282620'),ok,,False,strategy_condition_not_matched
347850,디앤디파마텍,2026-09-08,2026_Q3,미분류,down,-0.8048289738430636,49300.0,25851282825.0,86550037102.60417,거래대금약함,수급엇갈림,185833.0,-279331.0,99141.0,DART공시동반,2,2026-09-08 임원ㆍ주요주주특정증권등소유상황보고서 / 2026-09-08 임원ㆍ주요주주특정증권등소유상황보고서,직접반응,,,ok,,False,strategy_condition_not_matched
025980,아난티,2026-09-08,2026_Q3,미분류,down,-6.215722120658141,5130.0,13838883750.0,19317137040.5625,거래대금약함,외국인기관동반매도,-599750.0,-57302.0,675611.0,주변공시부재,0,,누적배경,,,ok,,False,strategy_condition_not_matched
237690,에스티팜,2026-09-08,2026_Q3,미분류,up,0.21810250817884125,91900.0,9920161250.0,18349437338.541668,거래대금약함,외국인기관동반매도,-23227.0,-194100.0,212724.0,주변공시부재,0,,직접반응,,,ok,,False,strategy_condition_not_matched
005690,파미셀,2026-09-08,2026_Q3,미분류,down,-1.1173184357541888,10620.0,4888900095.0,9552572540.729166,거래대금약함,수급엇갈림,123439.0,-27313.0,-107022.0,주변공시부재,0,,누적배경,,,ok,,False,strategy_condition_not_matched
007660,이수페타시스,2026-09-08,2026_Q3,미분류,down,-1.429848078641649,110300.0,44478988000.0,81273573169.79167,거래대금약함,수급엇갈림,-155795.0,167559.0,-16363.0,DART공시동반,2,2026-09-07 기업설명회(IR)개최(안내공시)               / 2026-09-04 주식등의대량보유상황보고서(일반),직접반응,,,ok,,False,strategy_condition_not_matched
006660,삼성공조,2026-09-08,2026_Q3,미분류,up,1.0284810126582222,12770.0,6508218235.0,16701186422.708334,거래대금약함,수급엇갈림,-81004.0,2057.0,78621.0,주변공시부재,0,,선반영,,,ok,,False,strategy_condition_not_matched
125490,한라캐스트,2026-09-08,2026_Q3,미분류,down,-3.934126258005488,10500.0,7543668100.0,15400348984.895834,거래대금약함,수급엇갈림,38142.0,-19304.0,-25181.0,DART공시동반,1,2026-09-07 타인에대한채무보증결정              ,직접반응,,,ok,,False,strategy_condition_not_matched
067310,하나마이크론,2026-09-08,2026_Q3,미분류,down,-1.9257221458046758,35650.0,50352484100.0,62090447814.0625,거래대금약함,수급엇갈림,162991.0,-123929.0,-35876.0,주변공시부재,0,,직접반응,,,ok,,False,strategy_condition_not_matched
093370,후성,2026-09-08,2026_Q3,미분류,up,0.5426356589147252,12970.0,46144500220.0,46181080510.729164,거래대금약함,외국인기관동반매수,182333.0,437172.0,-630596.0,주변공시부재,0,,선반영,,,ok,,False,strategy_condition_not_matched
064400,LG씨엔에스,2026-09-08,2026_Q3,미분류,down,-3.8007863695937116,73400.0,35596000250.0,71858355328.125,거래대금약함,수급엇갈림,-750.0,31161.0,-32119.0,주변공시부재,0,,누적배경,,,ok,,False,strategy_condition_not_matched
319400,현대무벡스,2026-09-08,2026_Q3,미분류,down,-1.5837104072398245,21750.0,11342809200.0,39581116831.354164,거래대금약함,수급엇갈림,10439.0,-124408.0,114310.0,주변공시부재,0,,선반영,,,ok,,False,strategy_condition_not_matched
042660,한화오션,2026-09-08,2026_Q3,미분류,down,-1.3745704467353903,86100.0,58784682000.0,139820740313.54166,거래대금약함,외국인기관동반매수,302900.0,222740.0,-522022.0,DART공시동반,2,2026-09-03 단일판매ㆍ공급계약체결               / 2026-09-03 소송등의제기ㆍ신청(일정금액이상의청구)              ,직접반응,,,ok,,False,strategy_condition_not_matched
487400,케이앤에스아이앤씨,2026-09-08,2026_Q3,미분류,down,-2.490660024906599,7830.0,4057396895.0,48199974885.55556,거래대금약함,외국인기관동반매수,27687.0,27971.0,-56014.0,주변공시부재,0,,선반영,,KeyError('487400'),ok,,False,strategy_condition_not_matched
332570,PS일렉트로닉스,2026-09-08,2026_Q3,미분류,down,-2.2164276401564487,7500.0,8898137800.0,31221961925.625,거래대금약함,수급엇갈림,123992.0,-80230.0,-63704.0,주변공시부재,0,,선반영,,,ok,,False,strategy_condition_not_matched
006340,대원전선,2026-09-08,2026_Q3,미분류,down,-1.8058690744920947,13050.0,25727545560.0,157253347249.89584,거래대금약함,외국인기관동반매수,52866.0,16366.0,-111286.0,DART공시동반,2,2026-09-03 임원ㆍ주요주주특정증권등소유상황보고서 / 2026-09-03 최대주주등소유주식변동신고서              ,직접반응,,,ok,,False,strategy_condition_not_matched
009830,한화솔루션,2026-09-08,2026_Q3,미분류,down,-1.6863406408094472,29150.0,63213155625.0,111991426597.39583,거래대금약함,수급엇갈림,18596.0,-1209121.0,1220736.0,DART공시동반,2,2026-09-08 타법인주식및출자증권처분결정(자율공시)               / 2026-09-08 타인에대한채무보증결정              ,직접반응,,,ok,,False,strategy_condition_not_matched
161890,한국콜마,2026-09-08,2026_Q3,미분류,down,-2.2869022869022815,141000.0,61175735400.0,53747148551.041664,거래대금평균상회,수급엇갈림,275897.0,-223398.0,-46184.0,DART공시동반,2,2026-09-08 기업설명회(IR)개최(안내공시)               / 2026-09-07 기업설명회(IR)개최(안내공시)              ,직접반응,,,ok,,False,strategy_condition_not_matched
483650,달바글로벌,2026-09-08,2026_Q3,미분류,down,-2.0889126941617597,182800.0,29215262300.0,39727940878.583336,거래대금약함,수급엇갈림,137404.0,-290525.0,154668.0,주변공시부재,0,,선반영,,,ok,,False,strategy_condition_not_matched
068270,셀트리온,2026-09-08,2026_Q3,미분류,down,-1.717659688674178,183100.0,88792921700.0,112826361710.41667,거래대금약함,외국인기관동반매도,-373214.0,-26917.0,214297.0,DART공시동반,2,2026-09-07 투자판단관련주요경영사항              (CTP44(다잘렉스 바이오시밀러) 한국 임상 3상 시험계획 변경신청 승인) / 2026-09-07 투자판단관련주요경영사항              (CTP51(키트루다 바이오시밀러) 미국 임상 3상 시험계획 변경신청 승인),직접반응,,,ok,,False,strategy_condition_not_matched
483350,딜리셔스,2026-09-08,2026_Q3,미분류,up,2.9556650246305383,3135.0,7741811709.0,19138374943.36842,거래대금약함,수급엇갈림,-16152.0,116710.0,-35006.0,주변공시부재,0,,직접반응,,KeyError('483350'),ok,,False,strategy_condition_not_matched
192820,코스맥스,2026-09-08,2026_Q3,미분류,down,-3.284671532846717,265000.0,52898513750.0,31154972456.541668,거래대금평균상회,외국인기관동반매수,13772.0,32640.0,-42673.0,DART공시동반,2,2026-09-07 기업설명회(IR)개최(안내공시)               / 2026-09-03 임원ㆍ주요주주특정증권등소유상황보고서,직접반응,,,ok,,False,strategy_condition_not_matched
017900,광전자,2026-09-08,2026_Q3,미분류,up,15.373765867418898,8180.0,120510670820.0,22896586741.604168,거래대금급증,수급엇갈림,6069.0,-6760.0,-2840.0,주변공시부재,0,,선반영,,,ok,,False,strategy_condition_not_matched
477850,마키나락스,2026-09-08,2026_Q3,미분류,down,-0.8528784648187626,23250.0,14215141150.0,68666843393.375,거래대금약함,외국인기관동반매도,-186938.0,-9375.0,176150.0,주변공시부재,0,,누적배경,,KeyError('477850'),ok,,False,strategy_condition_not_matched
214450,파마리서치,2026-09-08,2026_Q3,미분류,down,-1.9920318725099584,369000.0,42487712000.0,70523961416.66667,거래대금약함,수급엇갈림,72165.0,-55452.0,-10778.0,주변공시부재,0,,누적배경,,,ok,,False,strategy_condition_not_matched
322000,HD현대에너지솔루션,2026-09-08,2026_Q3,미분류,down,-2.5454545454545507,134000.0,25008463900.0,56264360173.958336,거래대금약함,수급엇갈림,-61916.0,84564.0,-22013.0,주변공시부재,0,,누적배경,,,ok,,False,strategy_condition_not_matched
073240,금호타이어,2026-09-08,2026_Q3,미분류,down,-1.4965986394557818,7240.0,12465370090.0,50419187323.9375,거래대금약함,외국인기관동반매수,1105499.0,2748.0,-1135198.0,DART공시동반,1,2026-09-03 임시주주총회결과              ,직접반응,,,ok,,False,strategy_condition_not_matched
439960,코스모로보틱스,2026-09-08,2026_Q3,미분류,down,-2.1411578112609075,12340.0,9294902685.0,45351456601.979164,거래대금약함,수급엇갈림,24151.0,-12231.0,69796.0,주변공시부재,0,,선반영,,KeyError('439960'),ok,,False,strategy_condition_not_matched
365660,레몬헬스케어,2026-09-08,2026_Q3,미분류,up,7.8579117330462855,5010.0,28430186926.0,63489374412.62222,거래대금약함,수급엇갈림,258066.0,-55121.0,-202268.0,주변공시부재,0,,직접반응,,KeyError('365660'),ok,,False,strategy_condition_not_matched
024840,KBI메탈,2026-09-08,2026_Q3,미분류,down,-1.5065913370998163,5230.0,5934311425.0,28684120136.833332,거래대금약함,외국인기관동반매도,-32602.0,-1679.0,30637.0,주변공시부재,0,,누적배경,,,ok,,False,strategy_condition_not_matched
119850,지엔씨에너지,2026-09-08,2026_Q3,미분류,up,0.6741573033707926,44800.0,60663990350.0,38511306001.5625,거래대금평균상회,외국인기관동반매수,25230.0,21672.0,-26455.0,DART공시동반,1,2026-09-04 타법인주식및출자증권취득결정              ,직접반응,,,ok,,False,strategy_condition_not_matched
277810,레인보우로보틱스,2026-09-08,2026_Q3,미분류,down,-3.3482142857142905,433000.0,43014465000.0,59377931036.458336,거래대금약함,외국인기관동반매도,-35567.0,-6413.0,41124.0,주변공시부재,0,,누적배경,,,ok,,False,strategy_condition_not_matched
009540,HD한국조선해양,2026-09-08,2026_Q3,미분류,down,-1.4224751066856278,346500.0,51621655500.0,70505468364.60417,거래대금약함,수급엇갈림,-50628.0,90688.0,-39423.0,DART공시동반,3,2026-09-08 [기재정정]단일판매ㆍ공급계약체결(자회사의 주요경영사항)               / 2026-09-04 임원ㆍ주요주주특정증권등소유상황보고서 / 2026-09-03 [기재정정]단일판매ㆍ공급계약체결(자회사의 주요경영사항)              ,직접반응,,,ok,,False,strategy_condition_not_matched
090430,아모레퍼시픽,2026-09-08,2026_Q3,미분류,down,-0.5681818181818232,140000.0,45579584000.0,45302162903.625,거래대금평균상회,수급엇갈림,75275.0,-30487.0,-36103.0,주변공시부재,0,,직접반응,,,ok,,False,strategy_condition_not_matched
413630,씨피시스템,2026-09-08,2026_Q3,미분류,down,-3.5539215686274495,3935.0,5198663631.0,24714566753.3125,거래대금약함,수급엇갈림,131138.0,0.0,-156205.0,DART공시동반,1,2026-09-03 증권발행결과(자율공시)              (제2회차 CB),직접반응,,,ok,,False,strategy_condition_not_matched
207940,삼성바이오로직스,2026-09-08,2026_Q3,미분류,down,-1.7735334242837686,1440000.0,44153657000.0,83674921576.4375,거래대금약함,수급엇갈림,6811.0,-25804.0,18252.0,DART공시동반,2,2026-09-07 최대주주등소유주식변동신고서               / 2026-09-03 [기재정정]기업설명회(IR)개최(안내공시)              ,직접반응,,,ok,,False,strategy_condition_not_matched
064350,현대로템,2026-09-08,2026_Q3,미분류,down,-0.7075471698113178,126300.0,29460851150.0,72736692524.10417,거래대금약함,수급엇갈림,-146846.0,89071.0,60479.0,주변공시부재,0,,선반영,,,ok,,False,strategy_condition_not_matched
018260,삼성에스디에스,2026-09-08,2026_Q3,미분류,down,-5.154639175257736,230000.0,36171150250.0,62215785405.0,거래대금약함,외국인기관동반매수,117479.0,4640.0,-100850.0,주변공시부재,0,,누적배경,,,ok,,False,strategy_condition_not_matched
100090,SK오션플랜트,2026-09-08,2026_Q3,미분류,down,-2.2744503411675554,12890.0,11139259415.0,29433821691.875,거래대금약함,외국인기관동반매수,266855.0,104072.0,-375278.0,DART공시동반,2,2026-09-07 주식등의대량보유상황보고서(일반) / 2026-09-03 주식등의대량보유상황보고서(일반),직접반응,,,ok,,False,strategy_condition_not_matched
095610,테스,2026-09-08,2026_Q3,미분류,down,-3.012442698100848,148100.0,79551924100.0,76843822646.875,거래대금평균상회,외국인기관동반매수,128558.0,106939.0,-230223.0,주변공시부재,0,,누적배경,,,ok,,False,strategy_condition_not_matched
454910,두산로보틱스,2026-09-08,2026_Q3,미분류,down,-1.5625,69300.0,23527719550.0,37010411354.166664,거래대금약함,외국인기관동반매수,109289.0,1915.0,-106093.0,DART공시동반,1,2026-09-04 주식등의대량보유상황보고서(일반),직접반응,,,ok,,False,strategy_condition_not_matched
000250,삼천당제약,2026-09-08,2026_Q3,미분류,down,-0.06134969325153339,162900.0,13561900100.0,34425283320.833336,거래대금약함,수급엇갈림,959.0,-4548.0,1879.0,주변공시부재,0,,누적배경,,,ok,,False,strategy_condition_not_matched
003280,흥아해운,2026-09-08,2026_Q3,미분류,up,1.2075905692926936,1760.0,6940564704.0,23781251340.916668,거래대금약함,외국인기관동반매수,1444165.0,1946.0,-1399354.0,주변공시부재,0,,선반영,,,ok,,False,strategy_condition_not_matched
319660,피에스케이,2026-09-08,2026_Q3,미분류,down,-2.1060842433697324,125500.0,43886802300.0,73451005529.16667,거래대금약함,수급엇갈림,91937.0,-181771.0,94570.0,DART공시동반,1,2026-09-04 기업설명회(IR)개최              ,직접반응,,,ok,,False,strategy_condition_not_matched
003680,한성기업,2026-09-08,2026_Q3,미분류,down,-1.5608740894901163,4730.0,280916760.0,13905199848.854166,거래대금약함,외국인기관동반매도,-8996.0,-54.0,8950.0,주변공시부재,0,,선반영,,,ok,,False,strategy_condition_not_matched
089030,테크윙,2026-09-08,2026_Q3,미분류,down,-3.9501039501039448,46200.0,21255775150.0,45231652221.354164,거래대금약함,외국인기관동반매도,-186952.0,-26091.0,212661.0,DART공시동반,1,2026-09-07 주식등의대량보유상황보고서(약식),직접반응,,,ok,,False,strategy_condition_not_matched
087010,펩트론,2026-09-08,2026_Q3,미분류,down,-8.114856429463169,147200.0,29306149450.0,35561553404.166664,거래대금약함,수급엇갈림,20913.0,-69482.0,45715.0,DART공시동반,1,2026-09-03 [기재정정]신규시설투자등              ,직접반응,,,ok,,False,strategy_condition_not_matched
263800,데이타솔루션,2026-09-08,2026_Q3,미분류,down,-1.0526315789473717,4700.0,507453490.0,11053841292.5625,거래대금약함,수급엇갈림,-126127.0,0.0,125627.0,주변공시부재,0,,선반영,,,ok,,False,strategy_condition_not_matched
058730,다스코,2026-09-08,2026_Q3,미분류,down,-4.7489823609226605,3510.0,7686364988.0,25724326057.333332,거래대금약함,외국인기관동반매도,-188634.0,-1081.0,193624.0,DART공시동반,2,2026-09-07 전환가액ㆍ신주인수권행사가액ㆍ교환가액의조정(안내공시)               / 2026-09-04 주식등의대량보유상황보고서(일반),직접반응,,,ok,,False,strategy_condition_not_matched
352820,하이브,2026-09-08,2026_Q3,미분류,up,0.33185840707965486,181400.0,28707718500.0,51329109889.791664,거래대금약함,외국인기관동반매수,41807.0,40777.0,-78255.0,DART공시동반,1,2026-09-04 임원ㆍ주요주주특정증권등소유상황보고서,직접반응,,,ok,,False,strategy_condition_not_matched
006800,미래에셋증권,2026-09-08,2026_Q3,미분류,up,1.008645533141217,35050.0,44185279750.0,63319686620.833336,거래대금약함,외국인기관동반매수,573795.0,530153.0,-1099243.0,DART공시동반,21,2026-09-08 투자설명서(일괄신고) / 2026-09-08 일괄신고추가서류(파생결합증권-주가연계증권) / 2026-09-08 투자설명서(일괄신고),직접반응,,,ok,,False,strategy_condition_not_matched
058470,리노공업,2026-09-08,2026_Q3,미분류,up,0.7309941520467822,68900.0,52272650950.0,49835210665.625,거래대금평균상회,수급엇갈림,258861.0,-89495.0,-167834.0,주변공시부재,0,,선반영,,,ok,,False,strategy_condition_not_matched
000990,DB하이텍,2026-09-08,2026_Q3,미분류,up,2.57936507936507,103400.0,95347620350.0,48126951235.416664,거래대금평균상회,수급엇갈림,-268379.0,340659.0,-77836.0,주변공시부재,0,,선반영,,,ok,,False,strategy_condition_not_matched
001440,대한전선,2026-09-08,2026_Q3,미분류,up,0.3490401396160525,28750.0,48753551100.0,58151638023.958336,거래대금약함,외국인기관동반매수,128452.0,99890.0,-239103.0,DART공시동반,1,2026-09-08 기업설명회(IR)개최(안내공시)              ,직접반응,,,ok,,False,strategy_condition_not_matched
039030,이오테크닉스,2026-09-08,2026_Q3,미분류,down,-2.083333333333337,446500.0,57016783750.0,51245526244.791664,거래대금평균상회,수급엇갈림,-109992.0,129966.0,-21156.0,주변공시부재,0,,직접반응,,,ok,,False,strategy_condition_not_matched
475040,스트라드비젼,2026-09-08,2026_Q3,미분류,up,19.217081850533813,3350.0,36110744003.0,14445710917.25,거래대금급증,외국인기관동반매도,-73084.0,-206811.0,278308.0,주변공시부재,0,,직접반응,,KeyError('475040'),ok,,False,strategy_condition_not_matched
001740,SK네트웍스,2026-09-08,2026_Q3,미분류,down,-1.2307692307692353,6420.0,5666817555.0,11401970228.958334,거래대금약함,수급엇갈림,-119349.0,20649.0,88738.0,주변공시부재,0,,선반영,,,ok,,False,strategy_condition_not_matched
356680,엑스게이트,2026-09-08,2026_Q3,미분류,up,2.383053839364524,11600.0,7004113330.0,10395470529.0625,거래대금약함,외국인기관동반매수,63907.0,404.0,-69084.0,주변공시부재,0,,선반영,,,ok,,False,strategy_condition_not_matched
320000,한울반도체,2026-09-08,2026_Q3,미분류,down,-2.1674876847290636,9930.0,1465511150.0,6924796921.145833,거래대금약함,수급엇갈림,-5402.0,0.0,5480.0,DART공시동반,1,2026-09-07 [기재정정]최대주주변경을수반하는주식담보제공계약체결              ,직접반응,,,ok,,False,strategy_condition_not_matched
440110,파두,2026-09-08,2026_Q3,미분류,up,1.573676680972813,71000.0,35470318250.0,39102388895.833336,거래대금약함,외국인기관동반매수,173753.0,90148.0,-278914.0,DART공시동반,2,2026-09-04 기업설명회(IR)개최               / 2026-09-04 기업설명회(IR)개최              ,직접반응,,,ok,,False,strategy_condition_not_matched
004710,한솔테크닉스,2026-09-08,2026_Q3,미분류,down,-4.36205016357688,8770.0,7757855225.0,7897837787.604167,거래대금약함,수급엇갈림,-345192.0,718364.0,-400569.0,DART공시동반,2,2026-09-07 주식등의대량보유상황보고서(약식) / 2026-09-03 주식등의대량보유상황보고서(약식),직접반응,,,ok,,False,strategy_condition_not_matched
014950,삼익제약,2026-09-08,2026_Q3,미분류,down,-0.3416856492027387,8750.0,118119118780.0,11548782061.770834,거래대금급증,수급엇갈림,38736.0,-179788.0,142333.0,주변공시부재,0,,누적배경,,,ok,,False,strategy_condition_not_matched
046970,우리로,2026-09-08,2026_Q3,미분류,up,4.222451081359413,5060.0,7447175900.0,4254931867.6458335,거래대금평균상회,외국인기관동반매도,-348.0,-12879.0,13500.0,주변공시부재,0,,선반영,,,ok,,False,strategy_condition_not_matched
011790,SKC,2026-09-08,2026_Q3,미분류,down,-1.477272727272727,86700.0,32949988250.0,17024497311.458334,거래대금평균상회,수급엇갈림,-207855.0,1826.0,204254.0,DART공시동반,1,2026-09-04 타법인주식및출자증권취득결정              ,직접반응,,,ok,,False,strategy_condition_not_matched
122640,예스티,2026-09-08,2026_Q3,미분류,up,5.64663023679417,29000.0,17049051350.0,14169014368.020834,거래대금평균상회,수급엇갈림,-116147.0,256745.0,-146719.0,주변공시부재,0,,선반영,,,ok,,False,strategy_condition_not_matched
043260,성호전자,2026-09-08,2026_Q3,미분류,up,2.835538752362954,16320.0,36802646680.0,37729624168.229164,거래대금약함,수급엇갈림,-163065.0,45627.0,117925.0,DART공시동반,2,2026-09-08 증권발행결과(자율공시)               / 2026-09-08 [기재정정]주요사항보고서(전환사채권발행결정),직접반응,,,ok,,False,strategy_condition_not_matched
204320,HL만도,2026-09-08,2026_Q3,미분류,down,-3.1872509960159334,48600.0,17365565375.0,28472967046.875,거래대금약함,수급엇갈림,162502.0,-61495.0,-112447.0,주변공시부재,0,,누적배경,,,ok,,False,strategy_condition_not_matched
272210,한화시스템,2026-09-08,2026_Q3,미분류,down,-1.2747875354107596,69700.0,17832587350.0,37797440392.708336,거래대금약함,외국인기관동반매수,61596.0,30523.0,-88763.0,주변공시부재,0,,누적배경,,,ok,,False,strategy_condition_not_matched
375500,DL이앤씨,2026-09-08,2026_Q3,미분류,up,0.7692307692307665,78600.0,59160188650.0,23928847158.333332,거래대금급증,수급엇갈림,-223691.0,252798.0,-557867.0,DART공시동반,3,2026-09-07 [기재정정]단일판매ㆍ공급계약체결               / 2026-09-03 주식등의대량보유상황보고서(일반) / 2026-09-03 최대주주등소유주식변동신고서              ,직접반응,,,ok,,False,strategy_condition_not_matched
100790,미래에셋벤처투자,2026-09-08,2026_Q3,미분류,up,3.157894736842115,15680.0,17516244235.0,11932336008.645834,거래대금평균상회,수급엇갈림,95635.0,-14525.0,-316958.0,DART공시동반,1,2026-09-08 임원ㆍ주요주주특정증권등소유상황보고서,직접반응,,,ok,,False,strategy_condition_not_matched
178320,서진시스템,2026-09-08,2026_Q3,미분류,down,-4.371584699453557,35000.0,31072054150.0,42845694165.625,거래대금약함,수급엇갈림,191250.0,-30600.0,-197206.0,DART공시동반,3,2026-09-07 주식등의대량보유상황보고서(일반) / 2026-09-04 증권발행결과(자율공시)              (제42회차 CB) / 2026-09-04 증권발행결과(자율공시)              (제41회차 CB),직접반응,,,ok,,False,strategy_condition_not_matched
279570,케이뱅크,2026-09-08,2026_Q3,미분류,up,1.2195121951219523,5810.0,5243106690.0,7004926339.0625,거래대금약함,수급엇갈림,793842.0,-142796.0,-680810.0,주변공시부재,0,,직접반응,,,ok,,False,strategy_condition_not_matched
098460,고영,2026-09-08,2026_Q3,미분류,down,-3.380782918149461,27150.0,20157718900.0,30375662898.4375,거래대금약함,외국인기관동반매도,-12868.0,-235821.0,259201.0,DART공시동반,4,2026-09-08 임원ㆍ주요주주특정증권등소유상황보고서 / 2026-09-08 임원ㆍ주요주주특정증권등소유상황보고서 / 2026-09-08 주식등의대량보유상황보고서(일반),직접반응,,,ok,,False,strategy_condition_not_matched
090360,로보스타,2026-09-08,2026_Q3,미분류,down,-3.2299741602067167,74900.0,8685512250.0,12687504853.125,거래대금약함,수급엇갈림,54535.0,-78878.0,24459.0,주변공시부재,0,,직접반응,,,ok,,False,strategy_condition_not_matched
457370,한켐,2026-09-08,2026_Q3,미분류,down,-3.6708860759493644,7610.0,1140946680.0,7653373611.875,거래대금약함,수급엇갈림,8337.0,0.0,-8174.0,주변공시부재,0,,누적배경,,,ok,,False,strategy_condition_not_matched
003550,LG,2026-09-08,2026_Q3,미분류,down,-4.497991967871484,118900.0,40735072250.0,35958968852.083336,거래대금평균상회,수급엇갈림,-394239.0,128257.0,-117433.0,주변공시부재,0,,누적배경,,,ok,,False,strategy_condition_not_matched
018880,한온시스템,2026-09-08,2026_Q3,미분류,down,-2.9535864978902926,3450.0,8527391342.0,15448451320.3125,거래대금약함,수급엇갈림,-171898.0,1016811.0,-644471.0,DART공시동반,1,2026-09-04 기업설명회(IR)개최(안내공시)              ,직접반응,,,ok,,False,strategy_condition_not_matched
326030,SK바이오팜,2026-09-08,2026_Q3,미분류,down,-2.117647058823524,83200.0,9462177100.0,11369674305.208334,거래대금약함,외국인기관동반매도,-85292.0,-17067.0,97144.0,주변공시부재,0,,누적배경,,,ok,,False,strategy_condition_not_matched
417010,나노팀,2026-09-08,2026_Q3,미분류,down,-2.254428341384862,6070.0,978913020.0,2924142540.5625,거래대금약함,수급엇갈림,38969.0,-12104.0,-26845.0,주변공시부재,0,,누적배경,,,ok,,False,strategy_condition_not_matched
036540,SFA반도체,2026-09-08,2026_Q3,미분류,up,0.4991680532445919,6040.0,23584240100.0,12661100986.1875,거래대금평균상회,외국인기관동반매수,341650.0,356717.0,-727034.0,DART공시동반,1,2026-09-08 금전대여결정              ,직접반응,,,ok,,False,strategy_condition_not_matched
050890,쏠리드,2026-09-08,2026_Q3,미분류,down,-2.0238095238095277,8230.0,5594714250.0,7014950297.8125,거래대금약함,외국인기관동반매도,-189789.0,-87901.0,273241.0,주변공시부재,0,,선반영,,,ok,,False,strategy_condition_not_matched
247540,에코프로비엠,2026-09-08,2026_Q3,미분류,down,-1.7806935332708496,104800.0,26869067200.0,50730084311.458336,거래대금약함,외국인기관동반매도,-2283.0,-181081.0,181134.0,DART공시동반,3,2026-09-08 주식등의대량보유상황보고서(일반) / 2026-09-04 기업설명회(IR)개최               / 2026-09-04 기업설명회(IR)개최              ,직접반응,,,ok,,False,strategy_condition_not_matched
027360,아주IB투자,2026-09-08,2026_Q3,미분류,up,1.904761904761898,3210.0,5676829558.0,9369452840.833334,거래대금약함,수급엇갈림,92937.0,-299.0,-90690.0,주변공시부재,0,,직접반응,,,ok,,False,strategy_condition_not_matched
274090,켄코아에어로스페이스,2026-09-08,2026_Q3,미분류,up,2.2774327122153215,9880.0,870420905.0,1539380046.25,거래대금약함,외국인기관동반매도,-13578.0,-1066.0,14522.0,주변공시부재,0,,직접반응,,,ok,,False,strategy_condition_not_matched
066430,아이로보틱스,2026-09-08,2026_Q3,미분류,down,-1.1990407673860948,2060.0,849480482.0,4402153285.916667,거래대금약함,수급엇갈림,34597.0,0.0,-36597.0,DART공시동반,1,2026-09-07 조회공시요구(현저한시황변동)에대한답변(중요정보없음)              ,직접반응,,,ok,,False,strategy_condition_not_matched
290690,소룩스,2026-09-08,2026_Q3,미분류,up,2.1403091557669507,4295.0,4469088748.0,3502378202.3333335,거래대금평균상회,수급엇갈림,31653.0,0.0,-38703.0,주변공시부재,0,,누적배경,,,ok,,False,strategy_condition_not_matched
006260,LS,2026-09-08,2026_Q3,미분류,down,-4.423380726698268,302500.0,36779008250.0,50258153135.416664,거래대금약함,수급엇갈림,36070.0,-15218.0,-21761.0,DART공시동반,1,2026-09-04 [기재정정]단일판매ㆍ공급계약체결              ,직접반응,,,ok,,False,strategy_condition_not_matched
037460,삼지전자,2026-09-08,2026_Q3,미분류,down,-3.4710743801652844,29200.0,1987452975.0,2828055089.0625,거래대금약함,수급엇갈림,-36338.0,36509.0,6555.0,주변공시부재,0,,선반영,,,ok,,False,strategy_condition_not_matched
090710,휴림로봇,2026-09-08,2026_Q3,미분류,down,-0.4761904761904745,6270.0,8129842640.0,12619047091.5625,거래대금약함,외국인기관동반매도,-18120.0,-109137.0,110256.0,주변공시부재,0,,선반영,,,ok,,False,strategy_condition_not_matched
487580,폴레드,2026-09-08,2026_Q3,미분류,down,-1.1345218800648316,3050.0,429184548.0,1425750611.7083333,거래대금약함,외국인기관동반매도,-73468.0,-898.0,84966.0,주변공시부재,0,,선반영,,KeyError('487580'),ok,,False,strategy_condition_not_matched
452260,한화갤러리아,2026-09-08,2026_Q3,미분류,down,-1.2605042016806678,2350.0,4834100478.0,2736870699.5833335,거래대금평균상회,수급엇갈림,-529907.0,5407.0,-869768.0,주변공시부재,0,,누적배경,,,ok,,False,strategy_condition_not_matched
012200,계양전기,2026-09-08,2026_Q3,미분류,down,-1.9073569482288777,3600.0,1129408177.0,1461314956.1875,거래대금약함,수급엇갈림,48087.0,-33036.0,-12049.0,DART공시동반,1,2026-09-07 유상증자또는주식관련사채등의청약결과(자율공시)              ,직접반응,,,ok,,False,strategy_condition_not_matched
038500,삼표시멘트,2026-09-08,2026_Q3,미분류,down,-0.8287292817679592,7180.0,2451716940.0,5053243351.458333,거래대금약함,수급엇갈림,24389.0,-34167.0,7978.0,주변공시부재,0,,누적배경,,,ok,,False,strategy_condition_not_matched
086280,현대글로비스,2026-09-08,2026_Q3,미분류,down,-3.3333333333333326,203000.0,25827059500.0,35262274185.416664,거래대금약함,외국인기관동반매수,63269.0,33836.0,-96521.0,DART공시동반,1,2026-09-08 기업설명회(IR)개최(안내공시)              ,직접반응,,,ok,,False,strategy_condition_not_matched
012860,모베이스전자,2026-09-08,2026_Q3,미분류,down,-0.22172949002217113,2250.0,733122006.0,1002494271.875,거래대금약함,수급엇갈림,-202012.0,492.0,201484.0,주변공시부재,0,,누적배경,,,ok,,False,strategy_condition_not_matched
007610,선도전기,2026-09-08,2026_Q3,미분류,up,1.1435832274459878,3980.0,663550121.0,5329460186.854167,거래대금약함,수급엇갈림,26241.0,-175.0,-25970.0,주변공시부재,0,,누적배경,,,ok,,False,strategy_condition_not_matched
051910,LG화학,2026-09-08,2026_Q3,미분류,down,-3.3989266547406083,270000.0,39722733000.0,50945169724.291664,거래대금약함,수급엇갈림,-118404.0,99869.0,20105.0,DART공시동반,1,2026-09-04 기업설명회(IR)개최(안내공시)              ,직접반응,,,ok,,False,strategy_condition_not_matched
016360,삼성증권,2026-09-08,2026_Q3,미분류,down,-0.45610034207526073,87300.0,21740948450.0,46767917900.0,거래대금약함,외국인기관동반매수,118386.0,62174.0,-173083.0,DART공시동반,6,2026-09-04 투자설명서(일괄신고) / 2026-09-04 투자설명서(일괄신고) / 2026-09-04 투자설명서(일괄신고),직접반응,,,ok,,False,strategy_condition_not_matched
203650,드림시큐리티,2026-09-08,2026_Q3,미분류,up,0.992555831265518,2035.0,897576114.0,2449738716.2291665,거래대금약함,수급엇갈림,159147.0,0.0,-159740.0,주변공시부재,0,,선반영,,,ok,,False,strategy_condition_not_matched
006910,보성파워텍,2026-09-08,2026_Q3,미분류,up,0.5457025920873049,7370.0,32900312355.0,9082893010.416666,거래대금급증,외국인기관동반매도,-258690.0,-3292.0,266131.0,주변공시부재,0,,선반영,,,ok,,False,strategy_condition_not_matched
003530,한화투자증권,2026-09-08,2026_Q3,미분류,down,-0.915564598168872,4870.0,6223432661.0,7484899248.958333,거래대금약함,수급엇갈림,815658.0,-28401.0,-794046.0,DART공시동반,19,2026-09-08 독립이사의선임ㆍ해임또는중도퇴임에관한신고 / 2026-09-08 임시주주총회결과               / 2026-09-07 증권발행실적보고서,직접반응,,,ok,,False,strategy_condition_not_matched
138080,오이솔루션,2026-09-08,2026_Q3,미분류,down,-1.4018691588784993,21100.0,4602761875.0,6181760570.416667,거래대금약함,외국인기관동반매도,-9827.0,-5873.0,14776.0,주변공시부재,0,,직접반응,,,ok,,False,strategy_condition_not_matched
078150,HB테크놀러지,2026-09-08,2026_Q3,미분류,up,3.960396039603964,1995.0,14006204201.0,1719008739.1041667,거래대금급증,외국인기관동반매도,-1283273.0,-3.0,1285109.0,주변공시부재,0,,직접반응,,,ok,,False,strategy_condition_not_matched
